source,target
(Alexis) Emmanuel Chabrier,David K.H. Elliott
Aaron Copland,Jared French
Aaron Copland,Jean Rosenthal
Aaron Copland,Nananne Porcher
Aaron Copland,Oliver Smith
Aaron Copland,Robin Wagner
Aaron Copland,Thomas R. Skelton
Abe Feder,Andrée Howard
Abe Feder,John Hambleton
Abe Feder,Lucinda Ballard
Abe Feder,Michel Baronov
Abe Feder,Nicholas de Molas
Adeline Genée,Dora Bright
Adeline Genée,Vittorio Rieti
Adolph Bolm,Abe Feder
Adolph Bolm,Alexander Mosolov
Adolph Bolm,John Hambleton
Adolph Bolm,Lucinda Ballard
Adolph Bolm,Sergei Prokofiev
Adolphe Adam,David K.H. Elliott
Adolphe Adam,Eugene Berman
Adolphe Adam,John Lanchbery
Adolphe Adam,Lucinda Ballard
Adolphe Adam,Oliver Smith
Adolphe Adam,Théophile Gautier
Adrian Piotrovsky,Fyodor Lopukhov
Agnes de Mille,Aaron Copland
Agnes de Mille,Abe Feder
Agnes de Mille,Alan Hovhaness
Agnes de Mille,Celtic tunes
Agnes de Mille,Christina Giannini
Agnes de Mille,Christoph Willibald Gluck
Agnes de Mille,Darius Milhaud
Agnes de Mille,Elizabeth Meyers
Agnes de Mille,Franz Schubert
Agnes de Mille,Gian Carlo Menotti
Agnes de Mille,Harvey Schmidt
Agnes de Mille,Jean Rosenthal
Agnes de Mille,Jennifer Tipton
Agnes de Mille,John Morris
Agnes de Mille,Laurence Rosenthal
Agnes de Mille,Lemuel Ayres
Agnes de Mille,Marc Blitzstein
Agnes de Mille,Martha Johnson
Agnes de Mille,Morton Gould
Agnes de Mille,Motley
Agnes de Mille,Nicholas de Molas
Agnes de Mille,Oliver Smith
Agnes de Mille,Ottorino Respighi
Agnes de Mille,Peggy Clark
Agnes de Mille,Ramon Reed
Agnes de Mille,Santo Loquasto
Agnes de Mille,Sophie Harris
Agnes de Mille,Stanley Simmons
Agnes de Mille,Thomas R. Skelton
Agnes de Mille,Trude Rittman
Agnes de Mille,Virgil Thomson
Alan Hovhaness,Christina Giannini
Alan Hovhaness,Thomas R. Skelton
Albert Boss,Albert Boss
Albert Boss,Franz Schubert
Albert Boss,Valentina Pereyaslavec
Alberto Alonso,Georges Bizet
Alberto Alonso,Rodion Schedrin
Alberto Alonso,Salvador Fernandez
Alberto Mendez,Friedrich Burgmueller
Alberto Mendez,Salvador Fernandez
Alex Katz,Alex Katz
Alex North,Peter Larkin
Alex North,Rayburn Wright
Alexander Glazunov,Alexander Glazunov
Alexander Glazunov,Alexei Ratmansky
Alexander Glazunov,Andre Levasseur
Alexander Glazunov,Gil Wechsler
Alexander Glazunov,Jean Rosenthal
Alexander Glazunov,Jennifer Tipton
Alexander Glazunov,Mark Stanley
Alexander Glazunov,Pyotr Ilyich Tchaikovsky
Alexander Glazunov,Robert Irving
Alexander Glazunov,Robert Perdziola
Alexander Glazunov,Santo Loquasto
Alexander Glazunov,Stanley Simmons
Alexander Gorsky,Jack Everly
Alexander Gorsky,Ludwig Minkus
Alexander Gorsky,Santo Loquasto
Alexander Mosolov,Abe Feder
Alexander Mosolov,John Hambleton
Alexandre Benois,Alexandre Benois
Alexandre Benois,Igor Stravinsky
Alexandre Benois,Michel Fokine
Alexandre Dumas,Frédéric Chopin
Alexandre Dumas,Jürgen Rose
Alexei Ratmansky,Adrian Piotrovsky
Alexei Ratmansky,Alexander Glazunov
Alexei Ratmansky,Aram Khachaturian
Alexei Ratmansky,Brad Fields
Alexei Ratmansky,Bronislava Nijinska
Alexei Ratmansky,Dimitri Shostakovich
Alexei Ratmansky,Domenico Scarlatti
Alexei Ratmansky,Fyodor Lopukhov
Alexei Ratmansky,Galina Solovyeva
Alexei Ratmansky,George Tsypin
Alexei Ratmansky,Holly Hynes
Alexei Ratmansky,Igor Stravinsky
Alexei Ratmansky,Ilya Utkin
Alexei Ratmansky,Jean Sibelius
Alexei Ratmansky,Jennifer Tipton
Alexei Ratmansky,Jérôme Kaplan
Alexei Ratmansky,Keso Dekker
Alexei Ratmansky,Leonard Bernstein
Alexei Ratmansky,Leonid Desyatnikov
Alexei Ratmansky,llia Koo
Alexei Ratmansky,Marius Petipa
Alexei Ratmansky,Mark Ryden
Alexei Ratmansky,Mark Stanley
Alexei Ratmansky,Moritz Junge
Alexei Ratmansky,Natia Sirbiladze
Alexei Ratmansky,Nikolai Rimsky-Korsakov
Alexei Ratmansky,Ninette de Valois
Alexei Ratmansky,Philip Feeney
Alexei Ratmansky,Pyotr Ilyich Tchaikovsky
Alexei Ratmansky,Riccardo Drigo
Alexei Ratmansky,Richard Hudson
Alexei Ratmansky,Richard Strauss
Alexei Ratmansky,Robert Perdziola
Alexei Ratmansky,Robert Wierzel
Alexei Ratmansky,Rudolph Barshai
Alexei Ratmansky,Sergei Prokofiev
Alexei Ratmansky,Simon Pastukh
Alexei Ratmansky,Yannis Samprovalakis
Alfred Rodrigues,Alfred Rodrigues
Alfred Rodrigues,Denis Aplvor
Alicia Alonso,Irene Sharaff
Alicia Alonso,Johannes Brahms
Alicia Alonso,Peggy Clark
Allen Lee Hughes,Edward Gorey
Alvin Ailey,Benjamin Britten
Alvin Ailey,Billy Strayhorn
Alvin Ailey,Chenault Spence
Alvin Ailey,Duke Ellington
Alvin Ailey,Frank Thompson
Alvin Ailey,Nicholas Cernovitch
Alvin Ailey,Rouben Ter-Arutunian
Alvin Colt,Mary Kidd
Alvin Colt,Michael Kidd
Alvin Colt,Oliver Smith
Amadeo Roldan,Saul Bolasni
Amanda McKerrow,Antony Tudor
Amanda McKerrow,Brian Sciarra
Amanda McKerrow,Johann Pachelbel
Amanda McKerrow,John Gardner
Anatole Oboukhoff,Eugene Fuerst
Anatole Oboukhoff,Nicholas Tcherepnine
Andre Eglevsky,Carl Maria Von Weber
Andre Eglevsky,George Balanchine
Andre Eglevsky,Jean Louis Vaudoyer
Andre Eglevsky,Léo Delibes
Andre Eglevsky,Michel Fokine
Andre Eglevsky,Nananne Porcher
Andrée Howard,Abe Feder
Andrée Howard,Andrée Howard
Andrée Howard,Arthur Honegger
Andrée Howard,Franz Schubert
Andrée Howard,Nadia Benois
Andrew Lloyd Webber,Thomas R. Skelton
Andrew Lloyd Webber,Yolanda Sonnabend
Andrews Sisters,Jennifer Tipton
Ann Reinking,Brad Fields
Ann Reinking,Catherine Zuber
Ann Reinking,George Harrison
Ann Reinking,Natalie Weir
Anna Markard,Clark Tippet
Anna Markard,Frederic Cohen
Anna Markard,Gary Lisz
Anna Markard,Hein Heckroth
Anna Markard,Jennifer Tipton
Anna Markard,Kurt Jooss
Anna Markard,William Bolcom
Anna Sokolow,Ted Macero
Anna-Marie Holmes,Alexander Glazunov
Anna-Marie Holmes,Boris Asafiev
Anna-Marie Holmes,Marius Petipa
Anna-Marie Holmes,Nananne Porcher
Anne Holm-Jensen Peyk,Alexei Ratmansky
Anne Holm-Jensen Peyk,Nikolai Rimsky-Korsakov
Anne Holm-Jensen Peyk,Richard Hudson
Anne Holm-Jensen Peyk,Yannis Samprovalakis
Anonymous composer,Jennifer Tipton
Anonymous composer,Santo Loquasto
Antal Dorati,Antal Dorati
Antal Dorati,David Lichine
Antal Dorati,Johann Strauss
Antal Dorati,Marcel Vertes
Antal Dorati,Michel Fokine
Antal Dorati,Mstislav Dobujinsky
Antal Dorati,Nicholas Remisoff
Anton Dolin,Abe Feder
Anton Dolin,Adolphe Adam
Anton Dolin,Carlos Merida
Anton Dolin,Césare Pugni
Anton Dolin,Domenico Cimarosa
Anton Dolin,Gian Francesco Malipiero
Anton Dolin,Jean Coralli
Anton Dolin,Leighton Lucas
Anton Dolin,Lucinda Ballard
Anton Dolin,Marguerite Keogh
Anton Dolin,Maurice Ravel
Anton Dolin,Nicholas de Molas
Anton Dolin,Raymond Scott
Anton Dolin,Richard Savage
Anton Dolin,Vincenzo Bellini
Anton Webern,Oliver Smith
Anton Webern,Toshiro Ogawa
Antonín Dvořák,Alvin Colt
Antonín Dvořák,John Neumeier
Antonín Dvořák,Liz Prince
Antonín Dvořák,Ming Cho Lee
Antonín Dvořák,Nicholas Phillips
Antonín Dvořák,Nicole Pearce
Antonín Dvořák,Patricia Zipprodt
Antonín Dvořák,Sarah Crowner
Antony Tudor,Antonín Dvořák
Antony Tudor,Antony Tudor
Antony Tudor,Arnold Schoenberg
Antony Tudor,Bohuslav Martinu
Antony Tudor,Brian Sciarra
Antony Tudor,Charles Koechlin
Antony Tudor,Enrique Granados
Antony Tudor,Ernest Chausson
Antony Tudor,Eugene Berman
Antony Tudor,Frederick Delius
Antony Tudor,Gustav Mahler
Antony Tudor,Hugh Laing
Antony Tudor,Jacques Offenbach
Antony Tudor,Jarold Byrns
Antony Tudor,Jean Rosenthal
Antony Tudor,Jennifer Tipton
Antony Tudor,Jo Mielziner
Antony Tudor,Johann Pachelbel
Antony Tudor,Kurt Weill
Antony Tudor,Louis Gruenberg
Antony Tudor,Michael Annals
Antony Tudor,Michael T. Ford
Antony Tudor,Ming Cho Lee
Antony Tudor,Motley
Antony Tudor,Nadia Benois
Antony Tudor,Nananne Porcher
Antony Tudor,Oliver Smith
Antony Tudor,Padre Antonio Soler
Antony Tudor,Patricia Zipprodt
Antony Tudor,Peter Cazalet
Antony Tudor,Raymond Breinin
Antony Tudor,Rene Bouche
Antony Tudor,Richard Strauss
Antony Tudor,Robert Schumann
Antony Tudor,Sergei Prokofiev
Antony Tudor,Sylvia Taalsohn Nolan
Antony Tudor,William Schuman
Aram Khachaturian,Marcos Paredes
Aram Khachaturian,Nananne Porcher
Aram Khachaturian,Natia Sirbiladze
Aram Khachaturian,Philip Feeney
Argentinita,Federico Rey
Argentinita,Maurice Ravel
Argentinita,Pilar Lopez
Arnold Schoenberg,Jean Rosenthal
Arnold Schoenberg,Jo Mielziner
Arnold Schoenberg,Toshiro Ogawa
Arthur Honegger,Nadia Benois
Arthur Saint-Leon,Gilbert V. Hemsley Jr.
Arthur Saint-Leon,Léo Delibes
Arthur Saint-Leon,Patricia Zipprodt
Arthur Saint-Leon,Roberto Montenegro
Arthur Saint-Leon,Tony Straiges
Arthur Saint-Leon,William Pitkin
Asaf Messerer,Sergei Rachmaninoff
Astor Piazzola,Brad Fields
Astor Piazzola,Sandra Woodall
Aszure Barton,Brad Fields
Aszure Barton,Maurice Ravel
Aszure Barton,Yannik Larivée
August Bournonville,David K.H. Elliott
August Bournonville,Desmond Heeley
August Bournonville,Edvard Helsted
August Bournonville,Hans Christian Lumbye
August Bournonville,Hermann Lovenskjold
August Bournonville,Holger Paulli
August Bournonville,John Lanchbery
August Bournonville,Nananne Porcher
August Bournonville,Niels Gade
August Bournonville,Santo Loquasto
August Bournonville,William Christian Holm
Bela Bartok,Hermann Sichter
Bela Bartok,Jean Rosenthal
Bela Bartok,John Ward
Bela Bartok,Joseph Levine
Bela Bartok,Nicholas Georgiadis
Ben Huys,George Balanchine
Ben Huys,Igor Stravinsky
Ben Shahn and Florence Klotz,Ben Shahn
Ben Stevenson,Césare Pugni
Ben Stevenson,Chenault Spence
Ben Stevenson,David Walker
Ben Stevenson,Desmond Heeley
Ben Stevenson,Duane Schuler
Ben Stevenson,Pyotr Ilyich Tchaikovsky
Ben Stevenson,Ray Delle Robbins
Ben Stevenson,Riccardo Drigo
Ben Stevenson,Sergei Prokofiev
Ben Stevenson,Sergei Rachmaninoff
Ben Stevenson,Tony Tucci
Benjamin Britten,Alexandre Benois
Benjamin Britten,Benjamin Britten
Benjamin Britten,Bob Crowley
Benjamin Britten,Brad Fields
Benjamin Britten,Carson McCullers
Benjamin Britten,Chenault Spence
Benjamin Britten,Frank Thompson
Benjamin Britten,Frédéric Chopin
Benjamin Britten,Gary Lisz
Benjamin Britten,Gianni Versace
Benjamin Britten,Jennifer Tipton
Benjamin Britten,Michel Fokine
Benjamin Britten,Natasha Katz
Benjamin Britten,Nicholas Georgiadis
Benjamin Britten,Serena Wong
Benjamin Britten,Steven Shelley
Benjamin Britten,Sylvie Rood
Benjamin Millepied,Benjamin Millepied
Benjamin Millepied,Brad Fields
Benjamin Millepied,Daniel Buren
Benjamin Millepied,David Lang
Benjamin Millepied,Holly Hynes
Benjamin Millepied,Johann Sebastian Bach
Benjamin Millepied,Karen Young
Benjamin Millepied,Maurice Ravel
Benjamin Millepied,Nico Muhly
Benjamin Millepied,Paul Cox
Benjamin Millepied,Philip Glass
Benjamin Millepied,rag & bone
Benjamin Millepied,Roderick Murray
Bentley Stone,Ann Folke
Bentley Stone,Francis Poulenc
Bentley Stone,Joseph Kaminski
Bernd Alois Zimmerman,Jean Rosenthal
Beverly Emmons,John Dayger
Beverly Emmons,Linda Martin Moore
Billy Strayhorn,Chenault Spence
Billy Strayhorn,Rouben Ter-Arutunian
Birgit Cullberg,Birgit Cullberg
Birgit Cullberg,Hildin Rosenberg
Birgit Cullberg,Jean Rosenthal
Birgit Cullberg,Kerstin Hedeby
Birgit Cullberg,Knudaage Riisager
Birgit Cullberg,Nananne Porcher
Birgit Cullberg,Per Falk
Birgit Cullberg,Sven Erixon
Birgit Cullberg,Ture Rangstrom
Bob Crowley,Bob Crowley
Bohuslav Martinu,Bob Crowley
Bohuslav Martinu,Michael T. Ford
Bohuslav Martinu,Willa Kim
Bonnie Beecher,Katharina Schlipf
Boris Aronson,William Saroyan
Boris Asafiev,Nananne Porcher
Brad Fields,Bob Crowley
Brad Fields,Bradon McDonald
Brad Fields,Catherine Zuber
Brad Fields,David K.H. Elliott
Brad Fields,Dorothee Zippel
Brad Fields,Harriet Designs
Brad Fields,Holly Hynes
Brad Fields,Jérôme Kaplan
Brad Fields,Karen Young
Brad Fields,Liam Scarlett
Brad Fields,Moritz Junge
Brad Fields,Nacho Duato
Brad Fields,Natalie Weir
Brad Fields,Nicole Siggelkow
Brad Fields,Norma Kamali
Brad Fields,Paul Cox
Brad Fields,rag & bone
Brad Fields,Reid
Brad Fields,Richard Hudson
Brad Fields,Sandra Woodall
Brad Fields,Santo Loquasto
Brad Fields,Simon Pastukh
Brad Fields,Thomas R. Skelton
Brad Fields,Yannik Larivée
Brad Fields,Zack Brown
Brandon Stirling Baker,Primadonna
Brian MacDevitt,Ann Whitley
Brian MacDevitt,John Arnone
Brian MacDevitt,Santo Loquasto
Bronislava Nijinska,Alexandre Benois
Bronislava Nijinska,Darius Milhaud
Bronislava Nijinska,Enid Gilbert
Bronislava Nijinska,Franz Liszt
Bronislava Nijinska,Franz Schubert
Bronislava Nijinska,Henryk Wieniawski
Bronislava Nijinska,Jean Rosenthal
Bronislava Nijinska,Nicholas de Molas
Bronislava Nijinska,Ninette de Valois
Bronislava Nijinska,Peter Ludwig Hertel
Bronislava Nijinska,Pyotr Ilyich Tchaikovsky
Bronislava Nijinska,Robert Schumann
Bronislava Nijinska,Serge Soudeikine
Bronislava Nijinska,Sergei Rachmaninoff
Bronislava Nijinska,Stewart Chaney
Camille Saint-Saëns,Holly Hynes
Carl Maria Von Weber,Hershy Kay
Carl Maria Von Weber,Jean Louis Vaudoyer
Carl Maria Von Weber,John Ward
Carl Orff,Brian MacDevitt
Carl Orff,Santo Loquasto
Carmelita Maracci,Carmelita Maracci
Carmelita Maracci,Enrique Granados
Carmelita Maracci,Isaac Albeniz
Carmelita Maracci,Joaquin Turina
Carmelita Maracci,Manuel De Falla
Carmelita Maracci,Peggy Clark
Carmen Alie,Denis Lavoie
Catherine Littlefield,David Guion
Catherine Littlefield,John Powell
Catherine Littlefield,Louis Moreau Gottschalk
Catherine Littlefield,Salvatore Pinto
Cathy Marston,Patrick Kinmonth
Cathy Marston,Philip Feeney
Celtic tunes,Jennifer Tipton
Celtic tunes,John Morris
Celtic tunes,Marc Blitzstein
Celtic tunes,Martha Johnson
Celtic tunes,Santo Loquasto
Celtic tunes,Trude Rittman
Cesar Franck,Jean Cocteau
Cesar Franck,Sophie Fedorovitch
Césare Pugni,Leighton Lucas
Césare Pugni,Riccardo Drigo
Césare Pugni,Tony Tucci
Charles Ives,Beverly Emmons
Charles Ives,John Dayger
Charles Ives,Nicholas Cernovitch
Charles Ives,Thomas R. Skelton
Charles Ives,Willa Kim
Charles Ives,William Pitkin
Charles Ives,William Schuman
Charles Koechlin,Charles Koechlin
Charles Koechlin,Franz Schubert
Charles Koechlin,George Balanchine
Charles Koechlin,Michael Annals
Charles Koechlin,Nananne Porcher
Charles Koechlin,Pavel Tchelitchev
Charles Lecocq,Richard Mohaupt
Charles Nuitter,Arthur Saint-Leon
Charles Nuitter,Roberto Montenegro
Chenault Spence,Frank Thompson
Chenault Spence,Rouben Ter-Arutunian
Choo San Goh,Carol V. Garner
Choo San Goh,Samuel Barber
Choo San Goh,Sarah G. Conly
Chris Theofanidis,Brian MacDevitt
Chris Theofanidis,John Arnone
Christian Berard,Boris Kochno
Christian Holder,Christian Holder
Christian Holder,Cole Porter
Christian Holder,Judy Brown
Christian Holder,Todd Elmer
Christian Holder,Wolfgang Amadeus Mozart
Christian Kiss,Bonnie Beecher
Christian Kiss,Katharina Schlipf
Christian Spuck,Brad Fields
Christian Spuck,Gioacchino Rossini
Christian Spuck,Nicole Siggelkow
Christoph Willibald Gluck,Jean Rosenthal
Christoph Willibald Gluck,Motley
Christopher Carr,Felix Mendelssohn
Christopher Carr,Frederick Ashton
Christopher Dennis,David Boechler
Christopher Newton,Aaron Copland
Christopher Newton,Frederick Ashton
Christopher Newton,Léo Delibes
Christopher Newton,Robin Wagner
Christopher Newton,Thomas R. Skelton
Christopher Wheeldon,Benjamin Britten
Christopher Wheeldon,Bob Crowley
Christopher Wheeldon,Brad Fields
Christopher Wheeldon,Natasha Katz
Clark Tippet,Benjamin Britten
Clark Tippet,Dain Marcus
Clark Tippet,Ed Waesche
Clark Tippet,Gary Lisz
Clark Tippet,George Perle
Clark Tippet,Giorgio di Sant'Angelo
Clark Tippet,Irving Milton Duke
Clark Tippet,Jennifer Tipton
Clark Tippet,Max Bruch
Clark Tippet,Steven Shelley
Clark Tippet,William Bolcom
Claude Debussy,Brandon Stirling Baker
Claude Debussy,Claude Debussy
Claude Debussy,David Ffolkes
Claude Debussy,Erik Satie
Claude Debussy,Frederick Ashton
Claude Debussy,Irene Sharaff
Claude Debussy,Jean Rosenthal
Claude Debussy,John Lanchbery
Claude Debussy,Léon Bakst
Claude Debussy,Nicholas Georgiadis
Claude Debussy,Peggy Clark
Claude Debussy,Primadonna
Claude Debussy,Roland-Manuel
Claude Debussy,Santo Loquasto
Claude Debussy,Stèphane Mallarmé
Claude Debussy,Thomas R. Skelton
Claus Ogerman,Nananne Porcher
Claus Ogerman,Rouben Ter-Arutunian
Cole Porter,Judy Brown
Cole Porter,William Bolcom
Colin McPhee,Michael Chybowski
Constant Lambert,Cecil Beaton
Constant Lambert,Constant Lambert
Constant Lambert,Frederick Ashton
Constant Lambert,Giacomo Meyerbeer
Craig Salstein,obert Schumann
Craig Steven,Nananne Porcher
Craig Steven,Susan Tammany
Craig Steven Shuler,Susan Tammany
Cynthia Gregory,Johann Sebastian Bach
Dalal Achcar,Ernesto Nazareth
Dalal Achcar,Nilson Penna
Dania Krupska,Dave Brubeck
Dania Krupska,Howard Brubeck
Dania Krupska,Oliver Smith
Daniel de Andrade,Cathy Marston
Daniel de Andrade,Jenny Tattersall
Daniel de Andrade,Patrick Kinmonth
Daniel de Andrade,Philip Feeney
Daniel Levans,Alexander Glazunov
Daniel Levans,Jennifer Tipton
Daniel Levans,Stanley Simmons
Daniel-Francois Auber,Gil Wechsler
Daniel-Francois Auber,Gilbert V. Hemsley Jr.
Daniel-Francois Auber,Marcos Paredes
Daniel-Francois Auber,Nananne Porcher
Daniel-Francois Auber,William Chappell
Danny Elfman,Brad Fields
Danny Elfman,Norma Kamali
Darius Milhaud,Abe Feder
Darius Milhaud,Alexandre Benois
Darius Milhaud,Nicholas de Molas
Darius Milhaud,William Pitkin
Darla Hoover,George Balanchine
Darla Hoover,Haydée Morales
Darla Hoover,Pyotr Ilyich Tchaikovsky
Dave Brubeck,Howard Brubeck
Dave Brubeck,Oliver Smith
David Blair,Freddy Wittop
David Blair,Lev Ivanov
David Blair,Marius Petipa
David Blair,Oliver Smith
David Blair,Pyotr Ilyich Tchaikovsky
David Boechler,David Boechler
David Guion,John Powell
David Guion,Louis Moreau Gottschalk
David Guion,Salvatore Pinto
David Holmes,Anna-Marie Holmes
David Holmes,Boris Asafiev
David Holmes,Nananne Porcher
David K.H. Elliott,Barry Kay
David K.H. Elliott,Desmond Heeley
David K.H. Elliott,Karinska
David K.H. Elliott,Oliver Smith
David K.H. Elliott,Rouben Ter-Arutunian
David K.H. Elliott,Santo Loquasto
David K.H. Elliott,Walter Nobbe
David Lang,Brad Fields
David Lang,Karen Young
David Lichine,Antal Dorati
David Lichine,Boris Kochno
David Lichine,Christian Berard
David Lichine,Henri Sauguet
David Lichine,Jacques Offenbach
David Lichine,Johann Strauss
David Lichine,Marcel Vertes
David Lichine,Modest Mussorgsky
David Lichine,Mstislav Dobujinsky
David Lichine,Nicholas Remisoff
David Parsons,Ann Reinking
David Parsons,Brad Fields
David Parsons,Catherine Zuber
David Parsons,David Parsons
David Parsons,George Harrison
David Parsons,Howell Binkley
David Parsons,John Corigliano
David Parsons,Judy Wirkula
David Parsons,Mark Adamo
David Parsons,Natalie Weir
David Parsons,Pyotr Ilyich Tchaikovsky
David Shields,Eva Wainless
David Shields,Nananne Porcher
Dawn of Midi,Brad Fields
Demis Volpi,Bonnie Beecher
Demis Volpi,Christian Kiss
Demis Volpi,Katharina Schlipf
Denis Aplvor,Alfred Rodrigues
Denis Aplvor,Denis Aplvor
Dennis Nahat,Claus Ogerman
Dennis Nahat,Felix Mendelssohn
Dennis Nahat,Jean Rosenthal
Dennis Nahat,Johannes Brahms
Dennis Nahat,Karel Husa
Dennis Nahat,Nananne Porcher
Dennis Nahat,Pyotr Ilyich Tchaikovsky
Dennis Nahat,Robert O'Hearn
Dennis Nahat,Rouben Ter-Arutunian
Dennis Nahat,Willa Kim
Diana Joffe,David K.H. Elliott
Diana Joffe,Hershy Kay
Diana Joffe,Léo Delibes
Diana Joffe,Marius Petipa
Diana Joffe,Prince Oldenbourg
Diana Joffe,Santo Loquasto
Dick Hyman,Jennifer Tipton
Dick Hyman,Santo Loquasto
Dimitri Romanoff,Adolphe Adam
Dimitri Romanoff,Alexandre Benois
Dimitri Romanoff,Eugene Berman
Dimitri Romanoff,George Balanchine
Dimitri Romanoff,Igor Stravinsky
Dimitri Romanoff,Michel Fokine
Dimitri Romanoff,Yurek Lazowsky
Dimitri Shostakovich,Adrian Piotrovsky
Dimitri Shostakovich,Fyodor Lopukhov
Dimitri Shostakovich,George Tsypin
Dimitri Shostakovich,Ilya Utkin
Dimitri Shostakovich,Jean Rosenthal
Dimitri Shostakovich,Jennifer Tipton
Dimitri Shostakovich,John Selya
Dimitri Shostakovich,Keso Dekker
Dimitri Shostakovich,Rudolph Barshai
Dimitri Shostakovich,Santo Loquasto
Dmitry Polischuk,Brad Fields
Dmitry Polischuk,Santo Loquasto
Domenico Cimarosa,Gian Francesco Malipiero
Domenico Cimarosa,Nicholas de Molas
Domenico Scarlatti,Brad Fields
Domenico Scarlatti,Holly Hynes
Domenico Scarlatti,Robert Thomson
Domenico Scarlatti,Susan Benson
Donald Knaack,Anonymous composer
Donald Knaack,Jennifer Tipton
Donald Knaack,Santo Loquasto
Donald Knaack,Wolfgang Amadeus Mozart
Donald Mahler,Antony Tudor
Donald Mahler,Arnold Schoenberg
Donald Mahler,Jacques Offenbach
Donald Mahler,Jean Rosenthal
Donald Mahler,Jo Mielziner
Donald Mahler,Rene Bouche
Dora Bright,Vittorio Rieti
Duane Schuler,Desmond Heeley
Duane Schuler,Zack Brown
Duke Ellington,Billy Strayhorn
Duke Ellington,Chenault Spence
Duke Ellington,Frank Thompson
Duke Ellington,Linda Cho
Duke Ellington,Nicholas Cernovitch
Duke Ellington,Rouben Ter-Arutunian
Ed Waesche,Irving Milton Duke
Ed Waesche,Jennifer Tipton
Edgar Meyer,Denis Lavoie
Edvard Grieg,Jennifer Tipton
Edvard Grieg,John Neumeler
Edvard Helsted,Nananne Porcher
Edvard Helsted,Niels Gade
Edvard Helsted,Santo Loquasto
Edward Caton,Johannes Brahms
Edward Caton,Joseph Levine
Edward Elgar,Alex Katz
Edward Gorey,Edward Gorey
Edwin Robertson,Charles Knox
Elaine Kudo,Jennifer Tipton
Elaine Kudo,Twyla Tharp
Elaine Kudo,"Willy ""The Lion"" Smith"
Elena Tchernichova,Hector Berlioz
Elena Tchernichova,Igor Tchernichov
Elena Tchernichova,Nananne Porcher
Eliot Feld,Charles Ives
Eliot Feld,Frank Thompson
Eliot Feld,Gustav Mahler
Eliot Feld,Igor Stravinsky
Eliot Feld,Jean Rosenthal
Eliot Feld,Jennifer Tipton
Eliot Feld,Johannes Brahms
Eliot Feld,Leonard Baskin
Eliot Feld,Oliver Smith
Eliot Feld,Richard Strauss
Eliot Feld,Sergei Prokofiev
Eliot Feld,Stanley Simmons
Eliot Feld,Thomas R. Skelton
Eliot Feld,Willa Kim
Eliot Feld,William Schuman
Elizabeth Meyers,Agnes de Mille
Elizabeth Meyers,Elizabeth Meyers
Elizabeth Meyers,Harvey Schmidt
Elizabeth Meyers,Oliver Smith
Elizabeth Schooling,Claude Debussy
Elizabeth Schooling,Nicholas Georgiadis
Elizabeth Schooling,Vaslav Nijinsky
Elliot B. Goldenthal,Pat Collins
Enrique Granados,Alder Jenkins
Enrique Granados,Carmelita Maracci
Enrique Granados,Isaac Albeniz
Enrique Granados,Jarold Byrns
Enrique Granados,Manuel De Falla
Enrique Granados,Nacho Duato
Enrique Granados,Nicholas de Molas
Enrique Granados,Peggy Clark
Enrique Martinez,Amadeo Roldan
Enrique Martinez,Arthur Saint-Leon
Enrique Martinez,Bela Bartok
Enrique Martinez,Gilbert V. Hemsley Jr.
Enrique Martinez,Jean Rosenthal
Enrique Martinez,Joaquin Turina
Enrique Martinez,Jose Pablo Moncayo
Enrique Martinez,Kenneth Schermerhorn
Enrique Martinez,Léo Delibes
Enrique Martinez,Max Bruch
Enrique Martinez,Patricia Zipprodt
Enrique Martinez,Robert Davison
Enrique Martinez,Saul Bolasni
Enrique Martinez,Tony Straiges
Enrique Martinez,William Pitkin
Erik Bruhn,August Bournonville
Erik Bruhn,David K.H. Elliott
Erik Bruhn,Desmond Heeley
Erik Bruhn,Gioacchino Rossini
Erik Bruhn,Hans Christian Lumbye
Erik Bruhn,Hermann Lovenskjold
Erik Bruhn,Jean Rosenthal
Erik Bruhn,Joseph Levine
Erik Bruhn,Sergei Prokofiev
Erik Satie,Claude Debussy
Erik Satie,John Lanchbery
Erik Satie,Ramonda Gaetani
Erik Satie,Roger Desormiere
Erik Satie,Roland-Manuel
Erik Satie,Toshiro Ogawa
Erin Martin,Beverly Emmons
Erin Martin,Gwendolyn Watson
Erin Martin,Joel Press
Erin Martin,Linda Martin Moore
Ernest Chausson,Brad Fields
Ernest Chausson,Frédéric Chopin
Ernest Chausson,Peter Cazalet
Ernest Chausson,Robert Schumann
Ernest Chausson,Zack Brown
Ernest Krenek,Jean Rosenthal
Ernest Krenek,Rouben Ter-Arutunian
Ernesto Nazareth,Nilson Penna
Esteban Frances,Esteban Frances
Eugene Berman,Eugene Berman
Eugene Fuerst,Anatole Oboukhoff
Eugene Fuerst,Eugene Fuerst
Eugene Fuerst,Nicholas Tcherepnine
Eugene Loring,Aaron Copland
Eugene Loring,Boris Aronson
Eugene Loring,Esteban Frances
Eugene Loring,George Antheil
Eugene Loring,Henry Brant
Eugene Loring,Jared French
Eugene Loring,Jean Rosenthal
Eugene Loring,William Saroyan
Eva Wainless,Nananne Porcher
Faith Worth,Alexander Glazunov
Faith Worth,Andre Levasseur
Faith Worth,Frederick Ashton
Faith Worth,Robert Irving
Fanny Mendelssohn Hensel,Jessica Lang
Fanny Mendelssohn Hensel,Nicole Pearce
Felix Blaska,Franz Schubert
Felix Blaska,Jane Greenwood
Felix Blaska,Jennifer Tipton
Felix Mendelssohn,Nananne Porcher
Felix Mendelssohn,Robert Davison
Felix Mendelssohn,Robert O'Hearn
Ferdinand Herold,David K.H. Elliott
Ferdinand Herold,Jean Dauberval
Ferdinand Herold,John Lanchbery
Ferdinand Herold,Santo Loquasto
Fernand Nault,Cesar Franck
Fernand Nault,Ming Tyler Dick
Fernand Nault,Nananne Porcher
Fernand Nault,Nelson Keyes
Fernando Bujones,Adolphe Adam
Fernando Bujones,Alexander Glazunov
Fernando Bujones,David K.H. Elliott
Fernando Bujones,Marius Petipa
Ferruccio Busoni,Brian MacDevitt
Ferruccio Busoni,William Brohn
Florence Klotz,Jean Rosenthal
Florence Klotz,Leonard Bernstein
Francis Poulenc,Ann Folke
Francis Poulenc,Joseph Kaminski
Francis Poulenc,Nananne Porcher
Francis Poulenc,Rouben Ter-Arutunian
Frank Martin,Jean Rosenthal
Frank Martin,Nicholas Georgiadis
Frank Sinatra,Jennifer Tipton
Frank Sinatra,Oscar de la Renta
Frank Sinatra,Santo Loquasto
Franz Joseph Haydn,Jennifer Tipton
Franz Joseph Haydn,Santo Loquasto
Franz Liszt,Alexandre Benois
Franz Liszt,Darius Milhaud
Franz Liszt,Karen DeFrancis
Franz Liszt,Nicholas de Molas
Franz Schubert,Abe Feder
Franz Schubert,Albert Boss
Franz Schubert,Alexandre Benois
Franz Schubert,Andrée Howard
Franz Schubert,Brad Fields
Franz Schubert,Brian MacDevitt
Franz Schubert,Charles Koechlin
Franz Schubert,Darius Milhaud
Franz Schubert,Dominique Drillot
Franz Schubert,Ferruccio Busoni
Franz Schubert,Franz Liszt
Franz Schubert,Gavin Bryars
Franz Schubert,Jane Greenwood
Franz Schubert,Jennifer Tipton
Franz Schubert,Kalinowski
Franz Schubert,Nacho Duato
Franz Schubert,Nananne Porcher
Franz Schubert,Nicholas de Molas
Franz Schubert,Pavel Tchelitchev
Franz Schubert,Santo Loquasto
Franz Schubert,William Brohn
Franz Schubert,William Pitkin
Franz Schubert,Zack Brown
Freddy Wittop,Oliver Smith
Frédéric Chopin,Abe Feder
Frédéric Chopin,Alexandre Benois
Frédéric Chopin,Benjamin Britten
Frédéric Chopin,Brad Fields
Frédéric Chopin,Gilbert V. Hemsley Jr.
Frédéric Chopin,Jean Rosenthal
Frédéric Chopin,John Lanchbery
Frédéric Chopin,Julia Trevelyan Oman
Frédéric Chopin,Jürgen Rose
Frédéric Chopin,Marcos Paredes
Frédéric Chopin,Michel Baronov
Frédéric Chopin,Nananne Porcher
Frédéric Chopin,Robert Davison
Frédéric Chopin,Santo Loquasto
Frédéric Chopin,Zack Brown
Frederic Cohen,Hein Heckroth
Frederic Franklin,Alexander Borodin
Frederic Franklin,Alexander Glazunov
Frederic Franklin,Arthur Saint-Leon
Frederic Franklin,George Balanchine
Frederic Franklin,Jean Rosenthal
Frederic Franklin,Léo Delibes
Frederic Franklin,Marius Petipa
Frederic Franklin,Michel Fokine
Frederic Franklin,Patricia Zipprodt
Frederic Franklin,Tony Straiges
Frederick Ashton,Alexander Glazunov
Frederick Ashton,Andre Levasseur
Frederick Ashton,Brad Fields
Frederick Ashton,Cecil Beaton
Frederick Ashton,Cesar Franck
Frederick Ashton,Claude Debussy
Frederick Ashton,Constant Lambert
Frederick Ashton,Daniel-Francois Auber
Frederick Ashton,Erik Satie
Frederick Ashton,Felix Mendelssohn
Frederick Ashton,Ferdinand Herold
Frederick Ashton,Frédéric Chopin
Frederick Ashton,Giacomo Meyerbeer
Frederick Ashton,Gil Wechsler
Frederick Ashton,Jean Dauberval
Frederick Ashton,Johannes Brahms
Frederick Ashton,John Lanchbery
Frederick Ashton,Julia Trevelyan Oman
Frederick Ashton,Léo Delibes
Frederick Ashton,Pyotr Ilyich Tchaikovsky
Frederick Ashton,Robert Irving
Frederick Ashton,Roland-Manuel
Frederick Ashton,Sergei Prokofiev
Frederick Ashton,Sophie Fedorovitch
Frederick Ashton,William Chappell
Frederick Delius,Eugene Berman
Friedrich Burgmueller,Salvador Fernandez
Gabriel Faure,Nananne Porcher
Gabriel Faure,Susan Tammany
Gaetano Donizetti,David K.H. Elliott
Gaetano Donizetti,Karinska
Galina Solovyeva,Simon Pastukh
Gary Chang,Astor Piazzola
Gary Chang,Brad Fields
Gary Chang,Sandra Woodall
Gavin Bryars,Brian MacDevitt
Gavin Bryars,Ferruccio Busoni
Gavin Bryars,William Brohn
Gemma Bond,Benjamin Britten
Gemma Bond,Serena Wong
Gemma Bond,Sylvie Rood
Gennadi Banshchikov,Marcos Paredes
Gennadi Banshchikov,Nananne Porcher
George Antheil,Esteban Frances
George Balanchine,(Alexis) Emmanuel Chabrier
George Balanchine,Adolphe Adam
George Balanchine,Alexander Glazunov
George Balanchine,Brad Fields
George Balanchine,Charles Koechlin
George Balanchine,Dale Wibben
George Balanchine,David K.H. Elliott
George Balanchine,Eugene Berman
George Balanchine,Franz Schubert
George Balanchine,Gaetano Donizetti
George Balanchine,Georges Bizet
George Balanchine,Georges Rouault
George Balanchine,Giuseppe Verdi
George Balanchine,Haydée Morales
George Balanchine,Hershy Kay
George Balanchine,Igor Stravinsky
George Balanchine,Jean Rosenthal
George Balanchine,Jennifer Tipton
George Balanchine,John Philip Philip Sousa
George Balanchine,Karinska
George Balanchine,Léo Delibes
George Balanchine,Louis Moreau Gottschalk
George Balanchine,Ludwig Minkus
George Balanchine,Marius Petipa
George Balanchine,Mark Stanley
George Balanchine,Mikhail Glinka
George Balanchine,Nananne Porcher
George Balanchine,Oliver Smith
George Balanchine,Pavel Tchelitchev
George Balanchine,Pyotr Ilyich Tchaikovsky
George Balanchine,Ronald Bates
George Balanchine,Rouben Ter-Arutunian
George Balanchine,Sergei Prokofiev
George Balanchine,Theoni V. Aldredge
George Balanchine,Thomas R. Skelton
George Balanchine,Vittorio Rieti
George Balanchine,Wolfgang Amadeus Mozart
George Balanchine,Zack Brown
George Bardyguine,Toer van Schayk
George Calusdian,Oliver Smith
George Calusdian,Theoni V. Aldredge
George Frederic Handel,Brad Fields
George Frederic Handel,Jennifer Tipton
George Harrison,Brad Fields
George Harrison,Catherine Zuber
George Perle,Giorgio di Sant'Angelo
George Perle,Jennifer Tipton
George Reidel,Athena Kalimos
George Skibine,Byron Schiffman
Georges Bizet,Antoni Clave
Georges Bizet,Mark Stanley
Georges Bizet,Rodion Schedrin
Georges Bizet,Salvador Fernandez
Georges Rouault,Georges Rouault
Georges Wakhevitch,Roland Petit
Georgina Parkinson,Dimitri Shostakovich
Georgina Parkinson,Jean Rosenthal
Georgina Parkinson,Kenneth MacMillan
Georgina Parkinson,Santo Loquasto
Georgina Parkinson,Wendy Walker
Gerard Charles,James Kudelka
Gerard Charles,Sergei Prokofiev
Giacomo Meyerbeer,Cecil Beaton
Giacomo Meyerbeer,Constant Lambert
Gian Carlo Menotti,Gian Carlo Menotti
Gian Francesco Malipiero,Anton Dolin
Gian Francesco Malipiero,Domenico Cimarosa
Gian Francesco Malipiero,Gian Francesco Malipiero
Gian Francesco Malipiero,Nicholas de Molas
Gil Wechsler,Santo Loquasto
Gil Wechsler,William Chappell
Gilbert V. Hemsley Jr.,Ann Roth
Gilbert V. Hemsley Jr.,Jack Brown
Gilbert V. Hemsley Jr.,Marcos Paredes
Gilbert V. Hemsley Jr.,William Pitkin
Gioacchino Rossini,Brad Fields
Gioacchino Rossini,Joseph Levine
Gioacchino Rossini,Nicole Siggelkow
Gioacchino Rossini,Ottorino Respighi
Giuseppe Verdi,Dale Wibben
Glen Tetley,Anton Webern
Glen Tetley,Arnold Schoenberg
Glen Tetley,Bohuslav Martinu
Glen Tetley,Erik Satie
Glen Tetley,Ernest Krenek
Glen Tetley,Francis Poulenc
Glen Tetley,Hans Werner Henze
Glen Tetley,Igor Stravinsky
Glen Tetley,Jean Rosenthal
Glen Tetley,John B. Read
Glen Tetley,Mordecai Seter
Glen Tetley,Nadine Baylis
Glen Tetley,Nananne Porcher
Glen Tetley,Oliver Smith
Glen Tetley,Robert Rudolf
Glen Tetley,Roger Desormiere
Glen Tetley,Rouben Ter-Arutunian
Glen Tetley,Toshiro Ogawa
Glen Tetley,Willa Kim
Goran Westrup,Karen Ek
Gordon Crosse,Jennifer Tipton
Gordon Crosse,Oliver Smith
Gordon Jones,Charles Lecocq
Gordon Jones,Leonide Massine
Gordon Jones,Richard Mohaupt
Grant Coyle,Frédéric Chopin
Grant Coyle,Frederick Ashton
Grant Coyle,John Lanchbery
Grant Coyle,Julia Trevelyan Oman
Grant Coyle,Pyotr Ilyich Tchaikovsky
Gunther Schuller,Charles Tomlinson
Gunther Schuller,Tharon Musser
Gustav Mahler,Jean Rosenthal
Gustav Mahler,Jennifer Tipton
Gustav Mahler,Jo Mielziner
Gustav Mahler,Leonard Baskin
Gustav Mahler,Marcos Paredes
Gustav Mahler,Michel
Gustav Mahler,Nadia Benois
Gustav Mahler,Nananne Porcher
Gwendolyn Watson,Beverly Emmons
Gwendolyn Watson,Joel Press
Gwendolyn Watson,Linda Martin Moore
Hans Brenaa,August Bournonville
Hans Brenaa,Edvard Helsted
Hans Brenaa,Holger Paulli
Hans Brenaa,Nananne Porcher
Hans Brenaa,Niels Gade
Hans van Manen,Paul Hindemith
Hans Werner Henze,John B. Read
Hans Werner Henze,Nadine Baylis
Hans Zimmer,Brad Fields
Hans Zimmer,Natalie Weir
Harald Lander,Hermann Lovenskjold
Harald Lander,Johanne Svenson
Harald Lander,Robert O'Hearn
Harold Farberman,Ann Roth
Harold Farberman,Gilbert V. Hemsley Jr.
Harry Asmus,Wolfgang Amadeus Mozart
Harvey Schmidt,Elizabeth Meyers
Harvey Schmidt,Oliver Smith
Hector Berlioz,Allen Lee Hughes
Hector Berlioz,Edward Gorey
Hector Berlioz,Nananne Porcher
Helene Pons,Tom Keogh
Henri Busser,Claude Debussy
Henri Busser,Jean Rosenthal
Henri Busser,Serge Lifar
Henri Sauguet,Boris Kochno
Henri Sauguet,Christian Berard
Henry Brant,Boris Aronson
Henry Brant,William Saroyan
Herbert Ross,Arnold Schoenberg
Herbert Ross,Bela Bartok
Herbert Ross,Carl Maria Von Weber
Herbert Ross,Darius Milhaud
Herbert Ross,Ernest Chausson
Herbert Ross,Florence Klotz
Herbert Ross,Hershy Kay
Herbert Ross,Jean Rosenthal
Herbert Ross,John Ward
Herbert Ross,Leonard Bernstein
Herbert Ross,Miles White
Herbert Ross,Oliver Smith
Herbert Ross,Pyotr Ilyich Tchaikovsky
Herbert Ross,Richard Wagner
Herbert Ross,Roger Bezomes
Herbert Ross,William Pitkin
Hermann Lovenskjold,David K.H. Elliott
Hermann Lovenskjold,Desmond Heeley
Hermann Lovenskjold,John Lanchbery
Hermann Lovenskjold,Robert O'Hearn
Hermann Sichter,Hermann Sichter
Hershy Kay,Carl Maria Von Weber
Hershy Kay,George Balanchine
Hershy Kay,Herbert Ross
Hershy Kay,Hershy Kay
Hershy Kay,John Philip Philip Sousa
Hershy Kay,John Ward
Hershy Kay,Karinska
Hershy Kay,Louis Moreau Gottschalk
Hershy Kay,Marius Petipa
Hershy Kay,Prince Oldenbourg
Hershy Kay,Santo Loquasto
Hildin Rosenberg,Nananne Porcher
Hildin Rosenberg,Per Falk
Holger Paulli,Edvard Helsted
Holger Paulli,Nananne Porcher
Holger Paulli,Niels Gade
Holly Hynes,Daniel Buren
Howard Brubeck,Dania Krupska
Howard Brubeck,Dave Brubeck
Howard Brubeck,Howard Brubeck
Howard Brubeck,Oliver Smith
Howell Binkley,Judy Wirkula
"Ibn-el-Sared, 1220 A.D.",La Meri
Igor Stravinsky,Alexandre Benois
Igor Stravinsky,Brad Fields
Igor Stravinsky,Dorothee Zippel
Igor Stravinsky,Frank Thompson
Igor Stravinsky,Gilbert V. Hemsley Jr.
Igor Stravinsky,Jack Brown
Igor Stravinsky,Jean Rosenthal
Igor Stravinsky,Jennifer Tipton
Igor Stravinsky,John Neumeier
Igor Stravinsky,Lucy Carter
Igor Stravinsky,Nadine Baylis
Igor Stravinsky,Oliver Smith
Igor Stravinsky,Pyotr Ilyich Tchaikovsky
Igor Stravinsky,Richard Hudson
Igor Stravinsky,Robert Rudolf
Igor Stravinsky,Ronald Bates
Igor Stravinsky,Santo Loquasto
Igor Stravinsky,Simon Pastukh
Igor Tchernichov,Hector Berlioz
Igor Tchernichov,Nananne Porcher
Ilya Utkin,Adrian Piotrovsky
Ilya Utkin,Fyodor Lopukhov
Irene Sharaff,Irene Sharaff
Irina Kolpakova,Alexander Glazunov
Irina Kolpakova,Kevin McKenzie
Irina Kolpakova,Marius Petipa
Irving Berlin,William Brohn
Irving Milton Duke,Irving Milton Duke
Isaac Albeniz,Carmelita Maracci
Isaac Albeniz,Peggy Clark
Jack Elliott,Gretchen Warren
Jack Elliott,Jack Elliott
Jack Elliott,Louis Moreau Gottschalk
Jack Elliott,Lynne Taylor-Corbett
Jack Elliott,Victoria Bond
Jack Everly,Santo Loquasto
Jacob Gade,Astor Piazzola
Jacob Gade,Brad Fields
Jacob Gade,Gary Chang
Jacob Gade,Sandra Woodall
Jacques Ibert,Athena Kalimos
Jacques Ibert,George Reidel
Jacques Offenbach,Antal Dorati
Jacques Offenbach,Manuel Rosenthal
Jacques Offenbach,Marcel Vertes
Jacques Offenbach,Michel Fokine
Jacques Offenbach,Peter Docherty
Jacques Offenbach,Rene Bouche
James Kudelka,Carmen Alie
James Kudelka,Christopher Dennis
James Kudelka,David Boechler
James Kudelka,Denis Lavoie
James Kudelka,Edgar Meyer
James Kudelka,Jennifer Tipton
James Kudelka,Paul Hindemith
James Kudelka,Sergei Prokofiev
James Mitchell,Katherine Litz
James Mitchell,Richard Banks
James Moore,Beverly Emmons
James Moore,Johann Sebastian Bach
James Moore,Linda Martin Moore
James Whiteside,Brandon Stirling Baker
James Whiteside,Claude Debussy
James Whiteside,Primadonna
Jan Boerman,George Bardyguine
Jan Boerman,Toer van Schayk
Jane Bourne,Brad Fields
Jane Bourne,Dorothee Zippel
Jane Bourne,Igor Stravinsky
Jane Bourne,John Cranko
Jane Bourne,Kurt-Heinz Stolze
Jane Bourne,Pyotr Ilyich Tchaikovsky
Jane Burn,Benjamin Britten
Jane Burn,Christopher Wheeldon
Jane Burn,Natasha Katz
Janie Taylor,Benjamin Millepied
Janie Taylor,Daniel Buren
Janie Taylor,Holly Hynes
Janie Taylor,Maurice Ravel
Jared French,Jared French
Jarold Byrns,Antony Tudor
Jarold Byrns,Enrique Granados
Jarold Byrns,Jarold Byrns
Jean Babilee,Cesar Franck
Jean Babilee,Helene Pons
Jean Babilee,Jean Cocteau
Jean Babilee,Joseph Levine
Jean Babilee,Richard Strauss
Jean Babilee,Tom Keogh
Jean Cocteau,Jean Cocteau
Jean Coralli,Adolphe Adam
Jean Coralli,John Lanchbery
Jean Coralli,Jules Perrot
Jean Coralli,Lucinda Ballard
Jean Coralli,Marius Petipa
Jean Coralli,Oliver Smith
Jean Coralli,Théophile Gautier
Jean Francaix,Jean Anouilh
Jean Francaix,Leonor Fini
Jean Francaix,Peggy Clark
Jean Rosenthal,Antony Tudor
Jean Rosenthal,Florence Klotz
Jean Rosenthal,Georges Wakhevitch
Jean Rosenthal,Irene Sharaff
Jean Rosenthal,Isamu Noguchi
Jean Rosenthal,Jack Brown after Fragonard
Jean Rosenthal,Jared French
Jean Rosenthal,Jean Rosenthal
Jean Rosenthal,Jo Mielziner
Jean Rosenthal,John Ward
Jean Rosenthal,Kerstin Hedeby
Jean Rosenthal,Leonard Bernstein
Jean Rosenthal,Motley
Jean Rosenthal,Nadia Benois
Jean Rosenthal,Nicholas Georgiadis
Jean Rosenthal,Oliver Smith
Jean Rosenthal,Raymond Breinin
Jean Rosenthal,Robert Davison
Jean Rosenthal,Roland Petit
Jean Rosenthal,Rouben Ter-Arutunian
Jean Rosenthal,Santo Loquasto
Jean Rosenthal,Serge Soudeikine
Jean Rosenthal,Stanley Simmons
Jean Sibelius,Robert Wierzel
Jean-Christophe Maillot,Dominique Drillot
Jean-Christophe Maillot,Franz Schubert
Jean-Frey Rebel,Jennifer Tipton
Jean-Frey Rebel,Santo Loquasto
Jean-Pierre Frohlich,Claude Debussy
Jean-Pierre Frohlich,Irene Sharaff
Jean-Pierre Frohlich,Jean Rosenthal
Jean-Pierre Frohlich,Jerome Robbins
Jennifer Tipton,Carmen Alie
Jennifer Tipton,Dain Marcus
Jennifer Tipton,David Salle
Jennifer Tipton,Denis Lavoie
Jennifer Tipton,Frank Thompson
Jennifer Tipton,Gary Lisz
Jennifer Tipton,George Tsypin
Jennifer Tipton,Gianni Versace
Jennifer Tipton,Giorgio di Sant'Angelo
Jennifer Tipton,Hugh Laing
Jennifer Tipton,Irving Milton Duke
Jennifer Tipton,Isaac Mizrahi
Jennifer Tipton,Ivey Long
Jennifer Tipton,Jane Greenwood
Jennifer Tipton,John Neumeier
Jennifer Tipton,John Neumeler
Jennifer Tipton,John Selya
Jennifer Tipton,Keso Dekker
Jennifer Tipton,Leonard Baskin
Jennifer Tipton,Oliver Smith
Jennifer Tipton,Oscar de la Renta
Jennifer Tipton,PierLuigi Samaritani
Jennifer Tipton,Richard Hudson
Jennifer Tipton,Rouben Ter-Arutunian
Jennifer Tipton,Santo Loquasto
Jennifer Tipton,Shawn Stevens
Jennifer Tipton,Stanley Simmons
Jennifer Tipton,Theoni V. Aldredge
Jenny Tattersall,Cathy Marston
Jenny Tattersall,Patrick Kinmonth
Jenny Tattersall,Philip Feeney
Jérôme Kaplan,Jérôme Kaplan
Jerome Kern,Jennifer Tipton
Jerome Kern,Santo Loquasto
Jerome Robbins,Ben Shahn
Jerome Robbins,Ben Shahn and Florence Klotz
Jerome Robbins,Claude Debussy
Jerome Robbins,Frédéric Chopin
Jerome Robbins,Igor Stravinsky
Jerome Robbins,Irene Sharaff
Jerome Robbins,Jean Rosenthal
Jerome Robbins,Jennifer Tipton
Jerome Robbins,John Boyt
Jerome Robbins,Leonard Bernstein
Jerome Robbins,Morton Gould
Jerome Robbins,Nananne Porcher
Jerome Robbins,Oliver Smith
Jerome Robbins,Peter Lawrence
Jerome Robbins,Robert Prince
Jerome Robbins,Santo Loquasto
Jerome Robbins,Sergei Prokofiev
Jessica Lang,Antonín Dvořák
Jessica Lang,Brad Fields
Jessica Lang,Bradon McDonald
Jessica Lang,Fanny Mendelssohn Hensel
Jessica Lang,Jessica Lang
Jessica Lang,Nicole Pearce
Jessica Lang,Sarah Crowner
Jessica Lang,Tony Bennett
Jiří Kylián,David K.H. Elliott
Jiří Kylián,John Cage
Jiří Kylián,Joop Caboort
Jiří Kylián,Kees Tjebbes
Jiří Kylián,Leoš Janáček
Jiří Kylián,Michael Simon
Jiří Kylián,Toru Takemitsu
Jiří Kylián,Walter Nobbe
Jiří Kylián,Wolfgang Amadeus Mozart
Jo Mielziner,Jo Mielziner
Joaquin Turina,Carmelita Maracci
Joaquin Turina,Enrique Granados
Joaquin Turina,Isaac Albeniz
Joaquin Turina,Manuel De Falla
Joaquin Turina,Peggy Clark
Job Sanders,Donald Marsh
Job Sanders,Jack Montrose
Job Sanders,Paul Creston
Joel Press,Beverly Emmons
Joel Press,Linda Martin Moore
Johan Halvorsen Passacaglia,Brad Fields
Johan Halvorsen Passacaglia,Holly Hynes
Johann Nepomuk Hummel,Michael Chybowski
Johann Pachelbel,Brian Sciarra
Johann Sebastian Bach,Beverly Emmons
Johann Sebastian Bach,Brad Fields
Johann Sebastian Bach,Georges Wakhevitch
Johann Sebastian Bach,Kors for Celine
Johann Sebastian Bach,Linda Martin Moore
Johann Sebastian Bach,Lisa J. Pinkham
Johann Sebastian Bach,Ottorino Respighi
Johann Sebastian Bach,Paul Cox
Johann Strauss,Antal Dorati
Johann Strauss,Lee Simonson
Johann Strauss,Mois Zlatkin
Johann Strauss,Mstislav Dobujinsky
Johannes Brahms,Craig Miller
Johannes Brahms,Irene Sharaff
Johannes Brahms,Jennifer Tipton
Johannes Brahms,Joseph Levine
Johannes Brahms,Nananne Porcher
Johannes Brahms,Peggy Clark
Johannes Brahms,Stanley Simmons
Johannes Brahms,Theoni V. Aldredge
John Adams,Brian MacDevitt
John Adams,Carl Orff
John Adams,Santo Loquasto
John B. Read,Nadine Baylis
John Butler,Duke Ellington
John Butler,Nananne Porcher
John Butler,Rouben Ter-Arutunian
John Butler,Samuel Barber
John Butler,Stan Kenton
John Cage,Michael Simon
John Corigliano,David Parsons
John Corigliano,Mark Adamo
John Cranko,Alexander Glazunov
John Cranko,Brad Fields
John Cranko,Domenico Scarlatti
John Cranko,Dorothee Zippel
John Cranko,Edvard Grieg
John Cranko,Henryk Wieniawski
John Cranko,Igor Stravinsky
John Cranko,Jennifer Tipton
John Cranko,John Neumeler
John Cranko,Kurt-Heinz Stolze
John Cranko,Pyotr Ilyich Tchaikovsky
John Cranko,Robert Thomson
John Cranko,Susan Benson
John Field,Jennifer Tipton
John Field,Santo Loquasto
John Gardner,Antony Tudor
John Gardner,Brian Sciarra
John Gardner,Johann Pachelbel
John Lanchbery,Adolphe Adam
John Lanchbery,Jean Coralli
John Lanchbery,Jean Dauberval
John Lanchbery,John Lanchbery
John Lanchbery,Jules Perrot
John Lanchbery,Julia Trevelyan Oman
John Lanchbery,Ludwig Minkus
John Lanchbery,Marius Petipa
John Lanchbery,Natalia Makarova
John Lanchbery,Oliver Smith
John McFall,Igor Stravinsky
John McFall,Jennifer Tipton
John McFall,Johannes Brahms
John McFall,Santo Loquasto
John McFall,Theoni V. Aldredge
John Meehan,Brad Fields
John Meehan,George Frederic Handel
John Meehan,Maurice Ravel
John Meehan,Samuel Barber
John Meehan,Toshiro Ogawa
John Morris,Jennifer Tipton
John Morris,Marc Blitzstein
John Morris,Martha Johnson
John Morris,Santo Loquasto
John Neumeier,Alexander Scriabin
John Neumeier,Alexandre Dumas
John Neumeier,Antonín Dvořák
John Neumeier,Brad Fields
John Neumeier,Frédéric Chopin
John Neumeier,Gustav Mahler
John Neumeier,Igor Stravinsky
John Neumeier,Jennifer Tipton
John Neumeier,John Neumeier
John Neumeier,Jürgen Rose
John Neumeier,Michel
John Neumeier,Nananne Porcher
John Neumeier,Ned Rorem
John Neumeier,Pyotr Ilyich Tchaikovsky
John Neumeier,Zack Brown
John Philip Philip Sousa,Hershy Kay
John Philip Philip Sousa,Karinska
John Powell,Louis Moreau Gottschalk
John Powell,Salvatore Pinto
John Selya,Charles Knox
John Selya,Dimitri Shostakovich
John Selya,Edwin Robertson
John Selya,Gary Lisz
John Selya,Jennifer Tipton
John Selya,John Selya
John Selya,Moondog
John Selya,Morton Gould
John Selya,Todd Elmer
John Taras,Benjamin Britten
John Taras,David K.H. Elliott
John Taras,George Balanchine
John Taras,Georges Bizet
John Taras,Georges Rouault
John Taras,Irene Sharaff
John Taras,Joseph Levine
John Taras,Mark Stanley
John Taras,Nananne Porcher
John Taras,Pyotr Ilyich Tchaikovsky
John Taras,Rouben Ter-Arutunian
John Taras,Sergei Prokofiev
John Taras,Theoni V. Aldredge
John Taras,Vittorio Rieti
John Taras,Wolfgang Amadeus Mozart
John Taras,Zack Brown
John Ward,Carl Maria Von Weber
John Ward,Hershy Kay
John Ward,John Ward
Joop Caboort,Walter Nobbe
Jorma Elo,Brad Fields
Jorma Elo,Chuck Close
Jorma Elo,Philip Glass
Jorma Elo,Ralph Rucci
Jorma Elo,Wolfgang Amadeus Mozart
Jorma Elo,Zack Brown
Jose Fernandez,Alder Jenkins
Jose Fernandez,Enrique Granados
Jose Fernandez,Nicholas de Molas
José Limón,Charles Tomlinson
José Limón,Gunther Schuller
José Limón,Henry Purcell
José Limón,Tharon Musser
Joseph Kaminski,Ann Folke
Joseph Lamb,Franz Joseph Haydn
Joseph Lamb,Jennifer Tipton
Joseph Lamb,Santo Loquasto
Joseph Levine,Bela Bartok
Joseph Levine,Edward Caton
Joseph Levine,Erik Bruhn
Joseph Levine,Gioacchino Rossini
Joseph Levine,Helene Pons
Joseph Levine,Irene Sharaff
Joseph Levine,Jean Babilee
Joseph Levine,Johannes Brahms
Joseph Levine,Joseph Levine
Joseph Levine,Kenneth MacMillan
Joseph Levine,Nananne Porcher
Joseph Levine,Nicholas Georgiadis
Joseph Levine,Richard Strauss
Joseph Levine,Tom Keogh
Judy Brown,Christian Holder
Judy Brown,Cole Porter
Judy Brown,Judy Brown
Jule Styne,Gordon Harrell
Jules Massenet,Martin Yates
Jules Massenet,Nicholas Georgiadis
Jules Perrot,Adolphe Adam
Jules Perrot,John Lanchbery
Jules Perrot,Marius Petipa
Jules Perrot,Oliver Smith
Jules Perrot,Théophile Gautier
Julia Trevelyan Oman,Julia Trevelyan Oman
Julie Lincoln,Kenneth MacMillan
Julie Lincoln,Nicholas Georgiadis
Julie Lincoln,Sergei Prokofiev
Julio Castellanos,Leonide Massine
Jürgen Rose,Jürgen Rose
K Konstantinov,K Konstantinov
K Konstantinov,Léon Bakst
K Konstantinov,Michel Fokine
K Konstantinov,Robert Schumann
Kara Chan,Jennifer Tipton
Kara Chan,Santo Loquasto
Kara Chan,Shawn Stevens
Kara Chan,The Beach Boys
Kara Chan,Twyla Tharp
Karel Husa,Nananne Porcher
Karel Husa,Willa Kim
Karen Ek,Karen Ek
Karin von Aroldingen,George Balanchine
Karin von Aroldingen,Igor Stravinsky
Karin von Aroldingen,Jennifer Tipton
Karin von Aroldingen,Richard Tanner
Karin von Aroldingen,Ronald Bates
Karin von Aroldingen,Victoria Simon
Karole Armitage,David Salle
Karole Armitage,Jennifer Tipton
Karole Armitage,Paul Hindemith
Katherine Litz,James Mitchell
Katherine Litz,Katherine Litz
Katherine Litz,Richard Banks
Kees Tjebbes,Walter Nobbe
Keith Lee,Cole Porter
Keith Lee,Gustav Mahler
Keith Lee,Marcos Paredes
Keith Lee,William Bolcom
Kenneth MacMillan,Andrew Lloyd Webber
Kenneth MacMillan,Barry Kay
Kenneth MacMillan,Bela Bartok
Kenneth MacMillan,Benjamin Britten
Kenneth MacMillan,Bob Crowley
Kenneth MacMillan,Bohuslav Martinu
Kenneth MacMillan,Carson McCullers
Kenneth MacMillan,David K.H. Elliott
Kenneth MacMillan,Dimitri Shostakovich
Kenneth MacMillan,Frank Martin
Kenneth MacMillan,Gabriel Faure
Kenneth MacMillan,Gordon Crosse
Kenneth MacMillan,I.A. Vsevolozhsky
Kenneth MacMillan,Igor Stravinsky
Kenneth MacMillan,Jean Rosenthal
Kenneth MacMillan,Jennifer Tipton
Kenneth MacMillan,Joseph Levine
Kenneth MacMillan,Jules Massenet
Kenneth MacMillan,Malcolm Arnold
Kenneth MacMillan,Marius Petipa
Kenneth MacMillan,Martin Yates
Kenneth MacMillan,Nananne Porcher
Kenneth MacMillan,Nicholas Georgiadis
Kenneth MacMillan,Oliver Smith
Kenneth MacMillan,Pyotr Ilyich Tchaikovsky
Kenneth MacMillan,Santo Loquasto
Kenneth MacMillan,Sergei Prokofiev
Kenneth MacMillan,Susan Tammany
Kenneth MacMillan,Thomas R. Skelton
Kenneth MacMillan,Yolanda Sonnabend
Keso Dekker,George Tsypin
Kevin Haigen,Alexandre Dumas
Kevin Haigen,Frédéric Chopin
Kevin Haigen,John Neumeier
Kevin Haigen,Jürgen Rose
Kevin Haigen,Victor Hughes
Kevin McKenzie,Alexander Glazunov
Kevin McKenzie,Alexander Gorsky
Kevin McKenzie,Duane Schuler
Kevin McKenzie,Franz Liszt
Kevin McKenzie,Jack Everly
Kevin McKenzie,Karen DeFrancis
Kevin McKenzie,Lev Ivanov
Kevin McKenzie,Ludwig Minkus
Kevin McKenzie,Marius Petipa
Kevin McKenzie,Paul Kelly
Kevin McKenzie,Pyotr Ilyich Tchaikovsky
Kevin McKenzie,Santo Loquasto
Kevin McKenzie,Susan Jones
Kevin McKenzie,Theoni V. Aldredge
Kevin McKenzie,Wendy Wasserstein
Kevin McKenzie,Zack Brown
Kirk Peterson,Astor Piazzola
Kirk Peterson,Brad Fields
Kirk Peterson,Gary Chang
Kirk Peterson,Jacob Gade
Kirk Peterson,Kirk Peterson
Kirk Peterson,Larae Hascall
Kirk Peterson,Philip Glass
Kirk Peterson,Randall G. Chiarelli
Kirk Peterson,Sandra Woodall
Knudaage Riisager,Birgit Cullberg
Knudaage Riisager,Jean Rosenthal
Knudaage Riisager,Kerstin Hedeby
Knudaage Riisager,Nananne Porcher
Knudaage Riisager,Per Falk
Kors for Celine,Kors for Celine
Kurt Jooss,Frederic Cohen
Kurt Jooss,Hein Heckroth
Kurt Weill,Sylvia Taalsohn Nolan
Kurt-Heinz Stolze,Domenico Scarlatti
Kurt-Heinz Stolze,John Cranko
Kurt-Heinz Stolze,Kurt-Heinz Stolze
Kurt-Heinz Stolze,Pyotr Ilyich Tchaikovsky
Kurt-Heinz Stolze,Robert Thomson
Kurt-Heinz Stolze,Susan Benson
La Meri,"Ibn-el-Sared, 1220 A.D."
La Meri,La Meri
Lar Lubovitch,Ann Whitley
Lar Lubovitch,Beverly Emmons
Lar Lubovitch,Brian MacDevitt
Lar Lubovitch,Charles Ives
Lar Lubovitch,Chris Theofanidis
Lar Lubovitch,Clifton Taylor
Lar Lubovitch,Craig Miller
Lar Lubovitch,Elliot B. Goldenthal
Lar Lubovitch,Ferruccio Busoni
Lar Lubovitch,Franz Schubert
Lar Lubovitch,Gavin Bryars
Lar Lubovitch,Gordon Harrell
Lar Lubovitch,Johannes Brahms
Lar Lubovitch,John Arnone
Lar Lubovitch,John Dayger
Lar Lubovitch,Jule Styne
Lar Lubovitch,Marvin Laird
Lar Lubovitch,Nicholas Cernovitch
Lar Lubovitch,Pat Collins
Lar Lubovitch,Richard Rodgers
Lar Lubovitch,Scott Rink
Lar Lubovitch,William Brohn
Lar Lubovitch,William Pitkin
Lar Lubovitch,Wolfgang Amadeus Mozart
Laszlo Seregi,Bela Bartok
Laurence Rosenthal,Jean Rosenthal
Lauri Stallings,April McCoy
Lauri Stallings,Max Richter
Lauri Stallings,Ryan J. O'Gara
Lawrence Gradus,Jacques Ibert
Lee Simonson,Lee Simonson
Leighton Lucas,Anton Dolin
Leighton Lucas,Césare Pugni
Leighton Lucas,Leighton Lucas
Lemuel Ayres,Lemuel Ayres
Léo Delibes,Arthur Saint-Leon
Léo Delibes,Charles Nuitter
Léo Delibes,David K.H. Elliott
Léo Delibes,Gilbert V. Hemsley Jr.
Léo Delibes,Nananne Porcher
Léo Delibes,Patricia Zipprodt
Léo Delibes,Roberto Montenegro
Léo Delibes,Tony Straiges
Léo Delibes,William Pitkin
Léon Bakst,Léon Bakst
Léon Bakst,Stèphane Mallarmé
Leonard Bernstein,Brad Fields
Leonard Bernstein,Florence Klotz
Leonard Bernstein,Jean Rosenthal
Leonard Bernstein,Jennifer Tipton
Leonard Bernstein,Jérôme Kaplan
Leonard Bernstein,Leonard Bernstein
Leonard Bernstein,Oliver Smith
Leonard Bernstein,Peter Lawrence
Leonid Desyatnikov,Brad Fields
Leonid Desyatnikov,Moritz Junge
Leonid Jacobsen,Gennadi Banshchikov
Leonid Jacobsen,Marcos Paredes
Leonid Jacobsen,Nananne Porcher
Leonide Massine,Charles Lecocq
Leonide Massine,Gioacchino Rossini
Leonide Massine,Jacques Offenbach
Leonide Massine,Julio Castellanos
Leonide Massine,Leonide Massine
Leonide Massine,Ludwig Van Beethoven
Leonide Massine,Manuel De Falla
Leonide Massine,Manuel Rosenthal
Leonide Massine,Mariano Andreu
Leonide Massine,Martinez Sierra
Leonide Massine,Nikolai Rimsky-Korsakov
Leonide Massine,Ottorino Respighi
Leonide Massine,Pablo Picasso
Leonide Massine,Pyotr Ilyich Tchaikovsky
Leonide Massine,Richard Mohaupt
Leonide Massine,Serge Soudeikine
Leonide Massine,Silvestre Revueltas
Leonor Fini,Jean Anouilh
Leoš Janáček,Joop Caboort
Leoš Janáček,Kees Tjebbes
Leoš Janáček,Walter Nobbe
Lev Ivanov,Duane Schuler
Lev Ivanov,Freddy Wittop
Lev Ivanov,Jennifer Tipton
Lev Ivanov,Oliver Smith
Lev Ivanov,PierLuigi Samaritani
Lev Ivanov,Pyotr Ilyich Tchaikovsky
Lev Ivanov,Zack Brown
Lew Christensen,Daniel-Francois Auber
Lew Christensen,Gilbert V. Hemsley Jr.
Lew Christensen,Marcos Paredes
Liam Scarlett,Brad Fields
Liam Scarlett,Liam Scarlett
Liam Scarlett,Sergei Rachmaninoff
Lisa J. Pinkham,Kors for Celine
llia Koo,Richard Strauss
Lorca Massine,Erik Satie
Lorca Massine,Jacques Offenbach
Lorca Massine,Leonide Massine
Lorca Massine,Manuel Rosenthal
Lorca Massine,Ramonda Gaetani
Lorca Massine,Toshiro Ogawa
Loren Hightower,Darius Milhaud
Loren Hightower,Herbert Ross
Loren Hightower,William Pitkin
Louis Gruenberg,Oliver Smith
Louis Moreau Gottschalk,Gretchen Warren
Louis Moreau Gottschalk,Hershy Kay
Louis Moreau Gottschalk,Jack Elliott
Louis Moreau Gottschalk,Salvatore Pinto
Louis Moreau Gottschalk,Victoria Bond
Lowell Liebermann,Brad Fields
Lowell Liebermann,Zack Brown
Luciano Berio,Stephen Galloway
Luciano Berio,William Forsythe
Lucinda Ballard,Lucinda Ballard
Lucinda Ballard,Sergei Prokofiev
Ludwig Minkus,Jack Everly
Ludwig Minkus,John Lanchbery
Ludwig Minkus,Santo Loquasto
Ludwig Van Beethoven,Brad Fields
Ludwig Van Beethoven,Harriet Designs
Ludwig Van Beethoven,Martine van Hamel
Ludwig Van Beethoven,Reid
Ludwig Van Beethoven,Serge Soudeikine
Lukas Foss,Raoul Pene Du Bois
Lynne Taylor-Corbett,David K.H. Elliott
Lynne Taylor-Corbett,Gretchen Warren
Lynne Taylor-Corbett,Jack Elliott
Lynne Taylor-Corbett,Louis Moreau Gottschalk
Lynne Taylor-Corbett,Oliver Smith
Lynne Taylor-Corbett,Ralph Vaughan Williams
Lynne Taylor-Corbett,Victoria Bond
Malcolm Arnold,Nananne Porcher
Manuel De Falla,Beverly Emmons
Manuel De Falla,Carmelita Maracci
Manuel De Falla,Isaac Albeniz
Manuel De Falla,Martinez Sierra
Manuel De Falla,Pablo Picasso
Manuel De Falla,Peggy Clark
Manuel De Falla,Rico LeBrun
Manuel Rosenthal,Jacques Offenbach
Manuel Rosenthal,Leonide Massine
Manuel Rosenthal,Manuel Rosenthal
Manuela Vargas,Manuel De Falla
Manuela Vargas,Rico LeBrun
Marc Blitzstein,Jennifer Tipton
Marc Blitzstein,Santo Loquasto
Marcel Vertes,Marcel Vertes
Marcel Vertes,Michel Fokine
Marcelo Gomes,Brad Fields
Marcelo Gomes,Françoise Gilot
Marcelo Gomes,Harriet Designs
Marcelo Gomes,Holly Hynes
Marcelo Gomes,Johan Halvorsen Passacaglia
Marcelo Gomes,Ludwig Van Beethoven
Marcelo Gomes,Michael Korsch
Marcelo Gomes,Pyotr Ilyich Tchaikovsky
Marcelo Gomes,Reid
Marguerite Keogh,Richard Savage
Maria Calegari,George Balanchine
Maria Calegari,Mark Stanley
Maria Calegari,Pyotr Ilyich Tchaikovsky
Marius Petipa,Adolphe Adam
Marius Petipa,Alexander Glazunov
Marius Petipa,Alexander Gorsky
Marius Petipa,Bronislava Nijinska
Marius Petipa,Césare Pugni
Marius Petipa,David K.H. Elliott
Marius Petipa,Duane Schuler
Marius Petipa,Freddy Wittop
Marius Petipa,Gil Wechsler
Marius Petipa,Hershy Kay
Marius Petipa,I.A. Vsevolozhsky
Marius Petipa,Jack Everly
Marius Petipa,Jean Rosenthal
Marius Petipa,Jennifer Tipton
Marius Petipa,John Lanchbery
Marius Petipa,Léo Delibes
Marius Petipa,Lev Ivanov
Marius Petipa,Ludwig Minkus
Marius Petipa,Marius Petipa
Marius Petipa,Nicholas Georgiadis
Marius Petipa,Ninette de Valois
Marius Petipa,Oliver Smith
Marius Petipa,PierLuigi Samaritani
Marius Petipa,Prince Oldenbourg
Marius Petipa,Pyotr Ilyich Tchaikovsky
Marius Petipa,Riccardo Drigo
Marius Petipa,Richard Hudson
Marius Petipa,Robert Perdziola
Marius Petipa,Santo Loquasto
Marius Petipa,Théophile Gautier
Marius Petipa,Tony Walton
Marius Petipa,Willa Kim
Marius Petipa,Zack Brown
Mark Adamo,David Parsons
Mark Morris,Colin McPhee
Mark Morris,Johann Nepomuk Hummel
Mark Morris,Michael Chybowski
Mark Morris,Phil Sandstrom
Mark Morris,Virgil Thomson Etudes
Mark Ryden,llia Koo
Mark Ryden,Richard Strauss
Mark Stanley,Robert Perdziola
Martha Clarke,Felix Blaska
Martha Clarke,Franz Schubert
Martha Clarke,Jane Greenwood
Martha Clarke,Jennifer Tipton
Martha Clarke,Robert Barnett
Martha Graham,Aaron Copland
Martha Graham,Brad Fields
Martha Graham,Isamu Noguchi
Martha Graham,Jean Rosenthal
Martha Graham,Norman Dello Joio
Martha Graham,William Schuman
Martha Johnson,Jennifer Tipton
Martha Johnson,Marc Blitzstein
Martha Johnson,Santo Loquasto
Martin Yates,Jules Massenet
Martin Yates,Kenneth MacMillan
Martin Yates,Martin Yates
Martin Yates,Nicholas Georgiadis
Martine van Hamel,George Calusdian
Martine van Hamel,Ludwig Van Beethoven
Martine van Hamel,Martine van Hamel
Martine van Hamel,Oliver Smith
Martine van Hamel,Theoni V. Aldredge
Marvin Laird,Ann Whitley
Marvin Laird,Brian MacDevitt
Mary Skeaping,Nananne Porcher
Mary Skeaping,Pyotr Ilyich Tchaikovsky
Mats Ek,Goran Westrup
Mats Ek,Karen Ek
Mats Ek,Sergei Rachmaninoff
Maurice Ravel,Brad Fields
Maurice Ravel,Daniel Buren
Maurice Ravel,Federico Rey
Maurice Ravel,Holly Hynes
Maurice Ravel,Toshiro Ogawa
Maurice Ravel,Yannik Larivée
Max Bruch,Dain Marcus
Max Bruch,Jean Rosenthal
Max Bruch,Jennifer Tipton
Max Bruch,Robert Davison
Max Richter,April McCoy
Max Richter,Ryan J. O'Gara
Merce Cunningham,John Cage
Merrill Ashley,Dale Wibben
Merrill Ashley,George Balanchine
Merrill Ashley,Giuseppe Verdi
Michael Kidd,Alvin Colt
Michael Kidd,Mary Kidd
Michael Kidd,Michael Kidd
Michael Kidd,Norman Dello Joio
Michael Kidd,Oliver Smith
Michael Korsch,Françoise Gilot
Michael Simon,Michael Simon
Michael Smuin,Franz Schubert
Michael Smuin,Frédéric Chopin
Michael Smuin,Gilbert V. Hemsley Jr.
Michael Smuin,Igor Stravinsky
Michael Smuin,Jack Brown
Michael Smuin,Jack Brown after Fragonard
Michael Smuin,Jean Rosenthal
Michael Smuin,Larry Gelbart
Michael Smuin,Marcos Paredes
Michael Smuin,Nananne Porcher
Michael Smuin,Oliver Smith
Michael Smuin,Sergei Prokofiev
Michael Smuin,Timothy Thompson
Michael Smuin,Tony Walton
Michael Smuin,Willa Kim
Michael Smuin,William Pitkin
Michael Smuin,Wolfgang Amadeus Mozart
Michael Somes,Cesar Franck
Michael Somes,Frederick Ashton
Michael Somes,Sophie Fedorovitch
Michael Somes,Wendy Ellis Somes
Michael Vernon,David K.H. Elliott
Michael Vernon,Ferdinand Herold
Michael Vernon,Santo Loquasto
Michel Baronov,Michel Baronov
Michel Colombier,Isaac Mizrahi
Michel Colombier,Jennifer Tipton
Michel Colombier,Percy Grainger
Michel Fokine,Alexander Borodin
Michel Fokine,Alexandre Benois
Michel Fokine,Antal Dorati
Michel Fokine,Benjamin Britten
Michel Fokine,Carl Maria Von Weber
Michel Fokine,Frédéric Chopin
Michel Fokine,Igor Stravinsky
Michel Fokine,Jacques Offenbach
Michel Fokine,Jean Louis Vaudoyer
Michel Fokine,K Konstantinov
Michel Fokine,Léon Bakst
Michel Fokine,Marcel Vertes
Michel Fokine,Michel Fokine
Michel Fokine,Mstislav Dobujinsky
Michel Fokine,Robert Schumann
Michel Fokine,Sergei Prokofiev
Michelle Dorrance,Brad Fields
Michelle Dorrance,Dawn of Midi
Michelle Dorrance,Duke Ellington
Michelle Dorrance,Linda Cho
Mikhail Baryshnikov,Adolphe Adam
Mikhail Baryshnikov,Alexander Glazunov
Mikhail Baryshnikov,Alexander Gorsky
Mikhail Baryshnikov,Diana Joffe
Mikhail Baryshnikov,Gil Wechsler
Mikhail Baryshnikov,Hershy Kay
Mikhail Baryshnikov,ianni
Mikhail Baryshnikov,Jean Coralli
Mikhail Baryshnikov,Jennifer Tipton
Mikhail Baryshnikov,John Lanchbery
Mikhail Baryshnikov,Jules Perrot
Mikhail Baryshnikov,Lev Ivanov
Mikhail Baryshnikov,Ludwig Minkus
Mikhail Baryshnikov,Marius Petipa
Mikhail Baryshnikov,Oliver Smith
Mikhail Baryshnikov,PierLuigi Samaritani
Mikhail Baryshnikov,Prince Oldenbourg
Mikhail Baryshnikov,Pyotr Ilyich Tchaikovsky
Mikhail Baryshnikov,Santo Loquasto
Mikhail Baryshnikov,Sergei Prokofiev
Mikhail Baryshnikov,Tharon Musser
Mikhail Glinka,Brad Fields
Mikhail Mordkin,Johann Strauss
Mikhail Mordkin,Lee Simonson
Mikhail Mordkin,Mois Zlatkin
Miles White,Oliver Smith
Minoru Miki,Brad Fields
Modest Mussorgsky,Antal Dorati
Modest Mussorgsky,Nicholas Remisoff
Mois Zlatkin,Johann Strauss
Mois Zlatkin,Lee Simonson
Mois Zlatkin,Mikhail Mordkin
Mois Zlatkin,Mois Zlatkin
Moondog,Gary Lisz
Moondog,Todd Elmer
Mordecai Seter,Rouben Ter-Arutunian
Morton Gould,Oliver Smith
Morton Gould,Thomas R. Skelton
Motley,Motley
Motley,Ramon Reed
Motley,Sophie Harris
Mstislav Dobujinsky,Mstislav Dobujinsky
Nacho Duato,Brad Fields
Nacho Duato,Enrique Granados
Nacho Duato,Franz Schubert
Nacho Duato,Nacho Duato
Nadia Benois,Nadia Benois
Nadine Baylis,Nadine Baylis
Nananne Porcher,Birgit Cullberg
Nananne Porcher,Irene Sharaff
Nananne Porcher,Kalinowski
Nananne Porcher,Marcos Paredes
Nananne Porcher,Michael Annals
Nananne Porcher,Michel
Nananne Porcher,Ming Tyler Dick
Nananne Porcher,Per Falk
Nananne Porcher,Robert O'Hearn
Nananne Porcher,Rouben Ter-Arutunian
Nananne Porcher,Santo Loquasto
Nananne Porcher,Susan Tammany
Nananne Porcher,Willa Kim
Nananne Porcher,William Pitkin
Natalia Makarova,John Lanchbery
Natalia Makarova,Ludwig Minkus
Natalia Makarova,Marius Petipa
Natalie Weir,Brad Fields
Natalie Weir,Brian MacDevitt
Natalie Weir,Carl Orff
Natalie Weir,Catherine Zuber
Natalie Weir,George Harrison
Natalie Weir,Hans Zimmer
Natalie Weir,John Adams
Natalie Weir,Natalie Weir
Natalie Weir,Santo Loquasto
Natalie Weir,Stanton Welch
Ned Rorem,Brad Fields
Ned Rorem,Zack Brown
Nelson Keyes,Ming Tyler Dick
Nelson Keyes,Nananne Porcher
Nicholas Cernovitch,Frank Thompson
Nicholas Cernovitch,William Pitkin
Nicholas de Molas,Alder Jenkins
Nicholas de Molas,Alexandre Benois
Nicholas de Molas,Nicholas de Molas
Nicholas Georgiadis,Carson McCullers
Nicholas Georgiadis,I.A. Vsevolozhsky
Nicholas Georgiadis,Marius Petipa
Nicholas Georgiadis,Nicholas Georgiadis
Nicholas Phillips,Liz Prince
Nicholas Remisoff,Nicholas Remisoff
Nicholas Tcherepnine,Eugene Fuerst
Nico Muhly,Benjamin Millepied
Nico Muhly,Roderick Murray
Nicole Pearce,Jessica Lang
Nicole Pearce,Sarah Crowner
Niels Gade,Nananne Porcher
Nikolai Rimsky-Korsakov,Mariano Andreu
Nikolai Rimsky-Korsakov,Richard Hudson
Nikolai Rimsky-Korsakov,Yannis Samprovalakis
Ninette de Valois,Pyotr Ilyich Tchaikovsky
Norman Dello Joio,Alvin Colt
Norman Dello Joio,Brad Fields
Norman Dello Joio,Mary Kidd
Norman Dello Joio,Michael Kidd
Norman Dello Joio,Oliver Smith
Oleg Briansky,Daniel-Francois Auber
Oleg Briansky,Nananne Porcher
Oleg Briansky,Victor Gsovsky
Oliver Smith,Mary Kidd
Oliver Smith,Michael Kidd
Ottorino Respighi,Georges Wakhevitch
Ottorino Respighi,Gioacchino Rossini
Ottorino Respighi,Johann Sebastian Bach
Ottorino Respighi,Leonide Massine
Ottorino Respighi,Motley
Ottorino Respighi,Ottorino Respighi
Ottorino Respighi,Ramon Reed
Ottorino Respighi,Roland Petit
Ottorino Respighi,Sophie Harris
Pablo Picasso,Martinez Sierra
Padre Antonio Soler,Hugh Laing
Padre Antonio Soler,Jennifer Tipton
Patricia Zipprodt,Ming Cho Lee
Patricia Zipprodt,Tony Straiges
Patrick Corbin,Andrews Sisters
Patrick Corbin,Jennifer Tipton
Patrick Corbin,Paul Taylor
Patrick Kinmonth,Patrick Kinmonth
Paul Hindemith,Carmen Alie
Paul Hindemith,David Salle
Paul Hindemith,Denis Lavoie
Paul Hindemith,Jennifer Tipton
Paul Kelly,Wendy Wasserstein
Paul Taylor,Alex Katz
Paul Taylor,Andrews Sisters
Paul Taylor,Edward Elgar
Paul Taylor,George Frederic Handel
Paul Taylor,Jennifer Tipton
Paul Taylor,Santo Loquasto
Paul Taylor,Songs from The Great Depression
Pavel Tchelitchev,Pavel Tchelitchev
Peggy Clark,Carmelita Maracci
Peggy Clark,David Ffolkes
Peggy Clark,Irene Sharaff
Peggy Clark,Jean Anouilh
Peggy Clark,Lemuel Ayres
Peggy Clark,Leonor Fini
Per Falk,Birgit Cullberg
Per Falk,Per Falk
Percy Grainger,Isaac Mizrahi
Percy Grainger,Jennifer Tipton
Peter,Camille Saint-Saëns
Peter,Holly Hynes
Peter Anastos,Claude Debussy
Peter Anastos,Santo Loquasto
Peter Anastos,Thomas R. Skelton
Peter Darrell,Jacques Offenbach
Peter Darrell,Peter Docherty
Peter Docherty,Peter Docherty
Peter Gennaro,Irving Berlin
Peter Gennaro,William Brohn
Peter Lawrence,Oliver Smith
Peter Ludwig Hertel,Jean Rosenthal
Peter Ludwig Hertel,Serge Soudeikine
Peter van Dijk,Franz Schubert
Peter van Dijk,Kalinowski
Peter van Dijk,Nananne Porcher
Philip Feeney,Patrick Kinmonth
Philip Glass,Brad Fields
Philip Glass,Chuck Close
Philip Glass,Jennifer Tipton
Philip Glass,Kirk Peterson
Philip Glass,Larae Hascall
Philip Glass,rag & bone
Philip Glass,Ralph Rucci
Philip Glass,Randall G. Chiarelli
Pilar Lopez,Federico Rey
Pilar Lopez,Maurice Ravel
Prince Oldenbourg,Hershy Kay
Prince Oldenbourg,Santo Loquasto
Pyotr Ilyich Tchaikovsky,Alexander Glazunov
Pyotr Ilyich Tchaikovsky,Barry Kay
Pyotr Ilyich Tchaikovsky,Bob Crowley
Pyotr Ilyich Tchaikovsky,Bohuslav Martinu
Pyotr Ilyich Tchaikovsky,Brad Fields
Pyotr Ilyich Tchaikovsky,David K.H. Elliott
Pyotr Ilyich Tchaikovsky,Desmond Heeley
Pyotr Ilyich Tchaikovsky,Duane Schuler
Pyotr Ilyich Tchaikovsky,Françoise Gilot
Pyotr Ilyich Tchaikovsky,Freddy Wittop
Pyotr Ilyich Tchaikovsky,Harriet Designs
Pyotr Ilyich Tchaikovsky,Haydée Morales
Pyotr Ilyich Tchaikovsky,Howell Binkley
Pyotr Ilyich Tchaikovsky,I.A. Vsevolozhsky
Pyotr Ilyich Tchaikovsky,Irene Sharaff
Pyotr Ilyich Tchaikovsky,Jean Rosenthal
Pyotr Ilyich Tchaikovsky,Jennifer Tipton
Pyotr Ilyich Tchaikovsky,John Neumeier
Pyotr Ilyich Tchaikovsky,Joseph Levine
Pyotr Ilyich Tchaikovsky,Judy Wirkula
Pyotr Ilyich Tchaikovsky,Karinska
Pyotr Ilyich Tchaikovsky,Kurt-Heinz Stolze
Pyotr Ilyich Tchaikovsky,Marius Petipa
Pyotr Ilyich Tchaikovsky,Mark Stanley
Pyotr Ilyich Tchaikovsky,Michael Korsch
Pyotr Ilyich Tchaikovsky,Nananne Porcher
Pyotr Ilyich Tchaikovsky,Nicholas Georgiadis
Pyotr Ilyich Tchaikovsky,Oliver Smith
Pyotr Ilyich Tchaikovsky,Paul Kelly
Pyotr Ilyich Tchaikovsky,PierLuigi Samaritani
Pyotr Ilyich Tchaikovsky,Reid
Pyotr Ilyich Tchaikovsky,Richard Hudson
Pyotr Ilyich Tchaikovsky,Roger Bezomes
Pyotr Ilyich Tchaikovsky,Ronald Bates
Pyotr Ilyich Tchaikovsky,Rouben Ter-Arutunian
Pyotr Ilyich Tchaikovsky,Theoni V. Aldredge
Pyotr Ilyich Tchaikovsky,Thomas R. Skelton
Pyotr Ilyich Tchaikovsky,Tony Walton
Pyotr Ilyich Tchaikovsky,Wendy Wasserstein
Pyotr Ilyich Tchaikovsky,Willa Kim
Pyotr Ilyich Tchaikovsky,Zack Brown
Raffaello De Banfield,Georges Wakhevitch
Raffaello De Banfield,Jean Rosenthal
Raffaello De Banfield,Roland Petit
Ralph Rucci,Chuck Close
Ralph Vaughan Williams,David K.H. Elliott
Ralph Vaughan Williams,Nananne Porcher
Ralph Vaughan Williams,Oliver Smith
Randall G. Chiarelli,Kirk Peterson
Randall G. Chiarelli,Larae Hascall
Rayburn Wright,Alex North
Rayburn Wright,Peter Larkin
Rayburn Wright,Rayburn Wright
Rayburn Wright,Valerie Bettis
Raymond Breinin,Antony Tudor
Raymond Scott,Abe Feder
Raymond Scott,Lucinda Ballard
Reid,Harriet Designs
Reid Anderson,Jane Bourne
Reid Anderson,John Cranko
Reid Anderson,Kurt-Heinz Stolze
Reid Anderson,Pyotr Ilyich Tchaikovsky
Riccardo Drigo,Ray Delle Robbins
Riccardo Drigo,Robert Perdziola
Riccardo Drigo,Tony Tucci
Richard Hudson,Richard Hudson
Richard Mohaupt,Charles Lecocq
Richard Mohaupt,Gordon Jones
Richard Mohaupt,Leonide Massine
Richard Mohaupt,Richard Mohaupt
Richard Rodgers,Clifton Taylor
Richard Savage,Anton Dolin
Richard Savage,Marguerite Keogh
Richard Savage,Richard Savage
Richard Strauss,Frank Thompson
Richard Strauss,Helene Pons
Richard Strauss,Jennifer Tipton
Richard Strauss,Joseph Levine
Richard Strauss,Motley
Richard Strauss,Tom Keogh
Richard Tanner,George Balanchine
Richard Tanner,Hershy Kay
Richard Tanner,Igor Stravinsky
Richard Tanner,John Philip Philip Sousa
Richard Tanner,Karinska
Richard Tanner,Ronald Bates
Richard Tanner,Victoria Simon
Richard Wagner,Alexander Scriabin
Richard Wagner,Miles White
Richard Wagner,Nananne Porcher
Richard Wagner,Oliver Smith
Richard Wagner,Ralph Vaughan Williams
Robert Barnett,Felix Blaska
Robert Barnett,Franz Schubert
Robert Barnett,Jane Greenwood
Robert Barnett,Jennifer Tipton
Robert Davison,Robert Davison
Robert Gladstein,Athena Kalimos
Robert Gladstein,George Reidel
Robert Gladstein,Jacques Ibert
Robert Hill,Brad Fields
Robert Hill,Dmitry Polischuk
Robert Hill,Ernest Chausson
Robert Hill,Franz Schubert
Robert Hill,Frédéric Chopin
Robert Hill,Lowell Liebermann
Robert Hill,Minoru Miki
Robert Hill,Robert Schumann
Robert Hill,Santo Loquasto
Robert Hill,Zack Brown
Robert Irving,Alexander Glazunov
Robert Irving,Andre Levasseur
Robert Irving,Frederick Ashton
Robert Irving,Robert Irving
Robert Joffrey,(Alexis) Emmanuel Chabrier
Robert Joffrey,John Field
Robert Joffrey,Robert McBride
Robert O'Hearn,Robert O'Hearn
Robert Perdziola,Robert Perdziola
Robert Prince,Ben Shahn
Robert Prince,Ben Shahn and Florence Klotz
Robert Rudolf,Glen Tetley
Robert Rudolf,Igor Stravinsky
Robert Rudolf,Nadine Baylis
Robert Rudolf,Robert Rudolf
Robert Schumann,Brad Fields
Robert Schumann,Frédéric Chopin
Robert Schumann,K Konstantinov
Robert Schumann,Léon Bakst
Robert Schumann,Stewart Chaney
Robert Schumann,Zack Brown
Robert Thomson,Susan Benson
Robert Weiss,Craig Steven
Robert Weiss,Craig Steven Shuler
Robert Weiss,Nananne Porcher
Robert Weiss,Susan Tammany
Robet Ruggieri,Jorge Gallardo
Robet Ruggieri,William H. Grant III
Roderick Murray,Benjamin Millepied
Rodion Schedrin,Salvador Fernandez
Roger Bezomes,Roger Bezomes
Roger Desormiere,Erik Satie
Roger Desormiere,Glen Tetley
Roger Desormiere,Roger Desormiere
Roland Petit,Antoni Clave
Roland Petit,Georges Bizet
Roland Petit,Georges Wakhevitch
Roland Petit,Jean Anouilh
Roland Petit,Jean Francaix
Roland Petit,Johann Sebastian Bach
Roland Petit,Leonor Fini
Roland Petit,Ottorino Respighi
Roland Petit,Peggy Clark
Roland-Manuel,John Lanchbery
Ron Sequio,Jerry Hochberg
Ron Sequio,Sergei Prokofiev
Ronald Bates,Karinska
Ronald Hynd,Franz Lehár
Roslyn Anderson,Jiří Kylián
Roslyn Anderson,Kees Tjebbes
Roslyn Anderson,Leoš Janáček
Roslyn Anderson,Walter Nobbe
Rouben Ter-Arutunian,Rouben Ter-Arutunian
Rudi van Dantzig,George Bardyguine
Rudi van Dantzig,Jan Boerman
Rudi van Dantzig,Toer van Schayk
Rudolf Nureyev,Ezio Frigerio
Rudolf Nureyev,Sergei Prokofiev
Rudolph Barshai,George Tsypin
Rudolph Barshai,Keso Dekker
Ryan J. O'Gara,April McCoy
Sallie Wilson,Antony Tudor
Sallie Wilson,Sergei Prokofiev
Salvatore Aiello,George Balanchine
Salvatore Aiello,Mikhail Glinka
Salvatore Pinto,Salvatore Pinto
Samuel Barber,Carol V. Garner
Samuel Barber,Nananne Porcher
Samuel Barber,Rouben Ter-Arutunian
Samuel Barber,Sarah G. Conly
Samuel Barber,Toshiro Ogawa
Santo Loquasto,Santo Loquasto
Santo Loquasto,Shawn Stevens
Sara Rudner,Jennifer Tipton
Sara Rudner,Kara Chan
Sara Rudner,Santo Loquasto
Sara Rudner,Shawn Stevens
Sara Rudner,The Beach Boys
Sara Rudner,Twyla Tharp
Sarah G. Conly,Carol V. Garner
Scott Rink,Brian MacDevitt
Scott Rink,Ferruccio Busoni
Scott Rink,Franz Schubert
Scott Rink,Gavin Bryars
Scott Rink,William Brohn
Sebastian Bach,Jennifer Tipton
Sebastian Bach,Santo Loquasto
Sebastien Marcovici,Benjamin Millepied
Sebastien Marcovici,Daniel Buren
Sebastien Marcovici,Holly Hynes
Sebastien Marcovici,Janie Taylor
Sebastien Marcovici,Maurice Ravel
Serena Wong,Sylvie Rood
Serge Lifar,Claude Debussy
Serge Lifar,Jean Rosenthal
Serge Soudeikine,Serge Soudeikine
Sergei Prokofiev,Brad Fields
Sergei Prokofiev,Christopher Dennis
Sergei Prokofiev,David Boechler
Sergei Prokofiev,David Walker
Sergei Prokofiev,Ezio Frigerio
Sergei Prokofiev,Galina Solovyeva
Sergei Prokofiev,Georges Rouault
Sergei Prokofiev,Jean Rosenthal
Sergei Prokofiev,Jennifer Tipton
Sergei Prokofiev,Jerry Hochberg
Sergei Prokofiev,John Boyt
Sergei Prokofiev,Larry Gelbart
Sergei Prokofiev,Lucinda Ballard
Sergei Prokofiev,Mstislav Dobujinsky
Sergei Prokofiev,Nicholas Georgiadis
Sergei Prokofiev,Santo Loquasto
Sergei Prokofiev,Sergei Prokofiev
Sergei Prokofiev,Simon Pastukh
Sergei Prokofiev,Stanley Simmons
Sergei Prokofiev,Tharon Musser
Sergei Prokofiev,Tony Tucci
Sergei Prokofiev,Tony Walton
Sergei Prokofiev,Willa Kim
Sergei Rachmaninoff,Brad Fields
Sergei Rachmaninoff,Chenault Spence
Sergei Rachmaninoff,Enid Gilbert
Sergei Rachmaninoff,Goran Westrup
Sergei Rachmaninoff,Karen Ek
Sergei Rachmaninoff,Liam Scarlett
Silvestre Revueltas,Julio Castellanos
Silvestre Revueltas,Leonide Massine
Simon Semenoff,Arthur Saint-Leon
Simon Semenoff,Charles Nuitter
Simon Semenoff,Léo Delibes
Simon Semenoff,Lukas Foss
Simon Semenoff,Raoul Pene Du Bois
Simon Semenoff,Roberto Montenegro
Sir Anthony Dowell,Christopher Carr
Sir Anthony Dowell,Felix Mendelssohn
Sir Anthony Dowell,Frédéric Chopin
Sir Anthony Dowell,Frederick Ashton
Sir Anthony Dowell,Grant Coyle
Sir Anthony Dowell,John Lanchbery
Sir Anthony Dowell,Julia Trevelyan Oman
Songs from The Great Depression,Jennifer Tipton
Songs from The Great Depression,Santo Loquasto
Sophie Fedorovitch,Sophie Fedorovitch
Sophie Harris,Ramon Reed
Stacy Caddell,Brad Fields
Stacy Caddell,George Balanchine
Stacy Caddell,Mikhail Glinka
Stan Kenton,Duke Ellington
Stanley Simmons,Oliver Smith
Stanley Simmons,Stanley Simmons
Stanley Williams,August Bournonville
Stanley Williams,Edvard Helsted
Stanley Williams,Santo Loquasto
Stanley Williams,William Christian Holm
Stanton Welch,Brian MacDevitt
Stanton Welch,Carl Orff
Stanton Welch,Johann Sebastian Bach
Stanton Welch,John Adams
Stanton Welch,Kors for Celine
Stanton Welch,Lisa J. Pinkham
Stanton Welch,Santo Loquasto
Steve Reich,Anonymous composer
Steve Reich,Donald Knaack
Steve Reich,Jennifer Tipton
Steve Reich,Santo Loquasto
Steve Reich,Wolfgang Amadeus Mozart
Steven Shelley,Gary Lisz
Steven-Jan Hoff,Ann Roth
Steven-Jan Hoff,Gilbert V. Hemsley Jr.
Steven-Jan Hoff,Harold Farberman
Stewart Chaney,Stewart Chaney
Suite of Nineteenth Century American Favorites,Jennifer Tipton
Susan Jaffe,Alessandro Marcello
Susan Jones,Alexander Gorsky
Susan Jones,Jack Everly
Susan Jones,Jennifer Tipton
Susan Jones,Johannes Brahms
Susan Jones,Ludwig Minkus
Susan Jones,Marius Petipa
Susan Jones,Santo Loquasto
Susan Jones,Twyla Tharp
Sven Erixon,Sven Erixon
Takako Asakawa,Brad Fields
Takako Asakawa,Martha Graham
Takako Asakawa,Norman Dello Joio
Terry Riley,Jennifer Tipton
Terry Riley,Santo Loquasto
Tharon Musser,Charles Tomlinson
Tharon Musser,Santo Loquasto
The Beach Boys,Jennifer Tipton
The Beach Boys,Santo Loquasto
The Beach Boys,Shawn Stevens
Theoni V. Aldredge,Oliver Smith
Theoni V. Aldredge,Paul Kelly
Theoni V. Aldredge,Wendy Wasserstein
Theoni V. Aldredge,Zack Brown
Thomas R. Skelton,Christina Giannini
Thomas R. Skelton,David K.H. Elliott
Thomas R. Skelton,Oliver Smith
Thomas R. Skelton,Robin Wagner
Thomas R. Skelton,Santo Loquasto
Thomas R. Skelton,Willa Kim
Thomas R. Skelton,Yolanda Sonnabend
Timothy Thompson,Jean Rosenthal
Timothy Thompson,Oliver Smith
Tina Fehlandt,Colin McPhee
Tina Fehlandt,Johann Nepomuk Hummel
Tina Fehlandt,Mark Morris
Tina Fehlandt,Michael Chybowski
Todd Bolender,Bernd Alois Zimmerman
Todd Bolender,Jean Rosenthal
Todd Elmer,Christian Holder
Todd Elmer,Gary Lisz
Toer van Schayk,Toer van Schayk
Tomm Ruud,Aaron Copland
Tomm Ruud,Nananne Porcher
Tony Bennett,Brad Fields
Tony Bennett,Bradon McDonald
Tony Tucci,David Walker
Tony Walton,Larry Gelbart
Toru Takemitsu,David K.H. Elliott
Toru Takemitsu,Walter Nobbe
Toshiro Ogawa,Oliver Smith
Toshiro Ogawa,Ramonda Gaetani
Trey McIntyre,Antonín Dvořák
Trey McIntyre,Liz Prince
Trey McIntyre,Nicholas Phillips
Trude Rittman,Jennifer Tipton
Trude Rittman,John Morris
Trude Rittman,Marc Blitzstein
Trude Rittman,Martha Johnson
Trude Rittman,Oliver Smith
Trude Rittman,Santo Loquasto
Trude Rittman,Stanley Simmons
Ture Rangstrom,Sven Erixon
Twyla Tharp,Alexander Glazunov
Twyla Tharp,Anonymous composer
Twyla Tharp,Benjamin Britten
Twyla Tharp,Brad Fields
Twyla Tharp,Danny Elfman
Twyla Tharp,Dick Hyman
Twyla Tharp,Donald Knaack
Twyla Tharp,Frank Sinatra
Twyla Tharp,Franz Joseph Haydn
Twyla Tharp,Gianni Versace
Twyla Tharp,Isaac Mizrahi
Twyla Tharp,Ivey Long
Twyla Tharp,Jean-Frey Rebel
Twyla Tharp,Jennifer Tipton
Twyla Tharp,Jerome Kern
Twyla Tharp,Johannes Brahms
Twyla Tharp,Joseph Lamb
Twyla Tharp,Kara Chan
Twyla Tharp,Michel Colombier
Twyla Tharp,Norma Kamali
Twyla Tharp,Oscar de la Renta
Twyla Tharp,Percy Grainger
Twyla Tharp,Philip Glass
Twyla Tharp,Santo Loquasto
Twyla Tharp,Sara Rudner
Twyla Tharp,Sebastian Bach
Twyla Tharp,Shawn Stevens
Twyla Tharp,Steve Reich
Twyla Tharp,Suite of Nineteenth Century American Favorites
Twyla Tharp,Terry Riley
Twyla Tharp,The Beach Boys
Twyla Tharp,Twyla Tharp
Twyla Tharp,"Willy ""The Lion"" Smith"
Twyla Tharp,Wolfgang Amadeus Mozart
Twyla Tharp,Wynton Marsalis
Ulf Gadd,Bela Bartok
Ulf Gadd,Hermann Sichter
Ulysses Dove,Jorge Gallardo
Ulysses Dove,Robet Ruggieri
Ulysses Dove,William H. Grant III
Valentina Pereyaslavec,(Alexis) Emmanuel Chabrier
Valentina Pereyaslavec,Albert Boss
Valentina Pereyaslavec,Franz Schubert
Valerie Bettis,Alex North
Valerie Bettis,Peter Larkin
Valerie Bettis,Rayburn Wright
Vania Psota,Alvin Colt
Vania Psota,Antonín Dvořák
Vaslav Nijinsky,Claude Debussy
Vaslav Nijinsky,Nicholas Georgiadis
Victor Gsovsky,Daniel-Francois Auber
Victor Gsovsky,Nananne Porcher
Victor Hughes,Alexandre Dumas
Victor Hughes,Frédéric Chopin
Victor Hughes,John Neumeier
Victor Hughes,Jürgen Rose
Victoria Bond,Gretchen Warren
Victoria Bond,Jack Elliott
Victoria Simon,George Balanchine
Victoria Simon,Georges Bizet
Victoria Simon,Igor Stravinsky
Victoria Simon,John Taras
Victoria Simon,Mark Stanley
Victoria Simon,Ronald Bates
Viktor Rona,Aram Khachaturian
Vincente Nebrada,Teresa Carreno
Vincenzo Bellini,Carlos Merida
Virgil Thomson,Lemuel Ayres
Virgil Thomson,Peggy Clark
Virgil Thomson Etudes,Phil Sandstrom
Vittorio Rieti,Adeline Genée
Vittorio Rieti,Dora Bright
Vittorio Rieti,Oliver Smith
Vittorio Rieti,Theoni V. Aldredge
Vittorio Rieti,Vittorio Rieti
Vittorio Rieti,Zack Brown
Viveka Ljung,Antony Tudor
Viveka Ljung,Bohuslav Martinu
Viveka Ljung,Michael T. Ford
Vladimir Vasiliev,Sergei Rachmaninoff
Walter Bourke,Louis Moreau Gottschalk
Walter Nobbe,Walter Nobbe
Wayne McGregor,Igor Stravinsky
Wayne McGregor,Lucy Carter
Wendy Ellis Somes,Cesar Franck
Wendy Ellis Somes,Frederick Ashton
Wendy Ellis Somes,Sophie Fedorovitch
Wendy Walker,Dimitri Shostakovich
Wendy Walker,Jean Rosenthal
Wendy Walker,Kenneth MacMillan
Wendy Walker,Santo Loquasto
Willa Kim,Larry Gelbart
Willa Kim,Tony Walton
William Bolcom,Cole Porter
William Bolcom,Gary Lisz
William Bolcom,Jennifer Tipton
William Bolcom,Keith Lee
William Bolcom,William Bolcom
William Brohn,Brian MacDevitt
William Brohn,Irving Berlin
William Brohn,Peter Gennaro
William Brohn,William Brohn
William Carter,Beverly Emmons
William Carter,Manuel De Falla
William Dollar,Claude Debussy
William Dollar,David Ffolkes
William Dollar,Felix Mendelssohn
William Dollar,Frédéric Chopin
William Dollar,Georges Wakhevitch
William Dollar,Igor Stravinsky
William Dollar,Jean Rosenthal
William Dollar,Ottorino Respighi
William Dollar,Paul Ramseier
William Dollar,Peggy Clark
William Dollar,Raffaello De Banfield
William Dollar,Robert Davison
William Dollar,Roland Petit
William Forsythe,Luciano Berio
William Forsythe,Stephen Galloway
William Forsythe,William Forsythe
William H. Grant III,Jorge Gallardo
William Pitkin,William Pitkin
William Schuman,Antony Tudor
William Schuman,Isamu Noguchi
William Schuman,Jean Rosenthal
William Schuman,Raymond Breinin
William Schuman,Thomas R. Skelton
William Schuman,Willa Kim
"Willy ""The Lion"" Smith",Jennifer Tipton
Wolfgang Amadeus Mozart,Anonymous composer
Wolfgang Amadeus Mozart,Brad Fields
Wolfgang Amadeus Mozart,Christian Holder
Wolfgang Amadeus Mozart,Craig Miller
Wolfgang Amadeus Mozart,David K.H. Elliott
Wolfgang Amadeus Mozart,Jack Brown after Fragonard
Wolfgang Amadeus Mozart,Jean Rosenthal
Wolfgang Amadeus Mozart,Jennifer Tipton
Wolfgang Amadeus Mozart,Joop Caboort
Wolfgang Amadeus Mozart,Santo Loquasto
Wolfgang Amadeus Mozart,Todd Elmer
Wolfgang Amadeus Mozart,Zack Brown
Wynton Marsalis,Isaac Mizrahi
Wynton Marsalis,Jennifer Tipton
Yannis Samprovalakis,Richard Hudson
Yolanda Sonnabend,Yolanda Sonnabend
Yurek Lazowsky,Alexandre Benois
Yurek Lazowsky,Claude Debussy
Yurek Lazowsky,Igor Stravinsky
Yurek Lazowsky,Léon Bakst
Yurek Lazowsky,Michel Fokine
Yurek Lazowsky,Stèphane Mallarmé
Yurek Shabelevski,Abe Feder
Yurek Shabelevski,Frédéric Chopin
Yurek Shabelevski,Michel Baronov
Yuri Grigorovitch,Aram Khachaturian
Yuri Grigorovitch,Marcos Paredes
Yuri Grigorovitch,Nananne Porcher
Zack Brown,David K.H. Elliott
Zack Brown,Thomas R. Skelton
Zack Brown,Zack Brown